org,model,modelId
ByteDance-Seed,BAGEL-7B-MoT,ByteDance-Seed/BAGEL-7B-MoT
ByteDance-Seed,SAIL-7B,ByteDance-Seed/SAIL-7B
ByteDance-Seed,Seed-Coder-8B-Base,ByteDance-Seed/Seed-Coder-8B-Base
ByteDance-Seed,Seed-Coder-8B-Instruct,ByteDance-Seed/Seed-Coder-8B-Instruct
ByteDance-Seed,Seed-Coder-8B-Reasoning,ByteDance-Seed/Seed-Coder-8B-Reasoning
ByteDance-Seed,Seed-Coder-8B-Reasoning-bf16,ByteDance-Seed/Seed-Coder-8B-Reasoning-bf16
ByteDance-Seed,Seed-OSS-36B-Base,ByteDance-Seed/Seed-OSS-36B-Base
ByteDance-Seed,Seed-OSS-36B-Base-woSyn,ByteDance-Seed/Seed-OSS-36B-Base-woSyn
ByteDance-Seed,Seed-OSS-36B-Instruct,ByteDance-Seed/Seed-OSS-36B-Instruct
ByteDance-Seed,VINCIE-3B,ByteDance-Seed/VINCIE-3B
ByteDance-Seed,academic-ds-9B,ByteDance-Seed/academic-ds-9B
HuggingFaceTB,FineMath-Llama-3B,HuggingFaceTB/FineMath-Llama-3B
HuggingFaceTB,SmolLM-1.7B,HuggingFaceTB/SmolLM-1.7B
HuggingFaceTB,SmolLM-1.7B-Instruct,HuggingFaceTB/SmolLM-1.7B-Instruct
HuggingFaceTB,SmolLM-135M,HuggingFaceTB/SmolLM-135M
HuggingFaceTB,SmolLM-135M-Instruct,HuggingFaceTB/SmolLM-135M-Instruct
HuggingFaceTB,SmolLM-360M,HuggingFaceTB/SmolLM-360M
HuggingFaceTB,SmolLM-360M-Instruct,HuggingFaceTB/SmolLM-360M-Instruct
HuggingFaceTB,SmolLM2-1.7B,HuggingFaceTB/SmolLM2-1.7B
HuggingFaceTB,SmolLM2-1.7B-Instruct,HuggingFaceTB/SmolLM2-1.7B-Instruct
HuggingFaceTB,SmolLM2-1.7B-Instruct-16k,HuggingFaceTB/SmolLM2-1.7B-Instruct-16k
HuggingFaceTB,SmolLM2-135M,HuggingFaceTB/SmolLM2-135M
HuggingFaceTB,SmolLM2-135M-Instruct,HuggingFaceTB/SmolLM2-135M-Instruct
HuggingFaceTB,SmolLM2-360M,HuggingFaceTB/SmolLM2-360M
HuggingFaceTB,SmolLM2-360M-Instruct,HuggingFaceTB/SmolLM2-360M-Instruct
HuggingFaceTB,SmolLM2-nanotron-ckpt,HuggingFaceTB/SmolLM2-nanotron-ckpt
HuggingFaceTB,SmolLM3-3B,HuggingFaceTB/SmolLM3-3B
HuggingFaceTB,SmolLM3-3B-Base,HuggingFaceTB/SmolLM3-3B-Base
HuggingFaceTB,SmolLM3-3B-checkpoints,HuggingFaceTB/SmolLM3-3B-checkpoints
HuggingFaceTB,SmolVLM-256M-Base,HuggingFaceTB/SmolVLM-256M-Base
HuggingFaceTB,SmolVLM-256M-Instruct,HuggingFaceTB/SmolVLM-256M-Instruct
HuggingFaceTB,SmolVLM-500M-Base,HuggingFaceTB/SmolVLM-500M-Base
HuggingFaceTB,SmolVLM-500M-Instruct,HuggingFaceTB/SmolVLM-500M-Instruct
HuggingFaceTB,SmolVLM-Base,HuggingFaceTB/SmolVLM-Base
HuggingFaceTB,SmolVLM-Instruct,HuggingFaceTB/SmolVLM-Instruct
HuggingFaceTB,SmolVLM-Instruct-DPO,HuggingFaceTB/SmolVLM-Instruct-DPO
HuggingFaceTB,SmolVLM-Synthetic,HuggingFaceTB/SmolVLM-Synthetic
HuggingFaceTB,SmolVLM2-2.2B-Base,HuggingFaceTB/SmolVLM2-2.2B-Base
HuggingFaceTB,SmolVLM2-2.2B-Instruct,HuggingFaceTB/SmolVLM2-2.2B-Instruct
HuggingFaceTB,SmolVLM2-256M-Video-Instruct,HuggingFaceTB/SmolVLM2-256M-Video-Instruct
HuggingFaceTB,SmolVLM2-500M-Video-Instruct,HuggingFaceTB/SmolVLM2-500M-Video-Instruct
HuggingFaceTB,smollm-360M-instruct-add-basics,HuggingFaceTB/smollm-360M-instruct-add-basics
HuggingFaceTB,smolvlm-app-config,HuggingFaceTB/smolvlm-app-config
HuggingFaceTB,stack-edu-classifier-python,HuggingFaceTB/stack-edu-classifier-python
MiniMaxAI,MiniMax-M1-40k,MiniMaxAI/MiniMax-M1-40k
MiniMaxAI,MiniMax-M1-40k-hf,MiniMaxAI/MiniMax-M1-40k-hf
MiniMaxAI,MiniMax-M1-80k,MiniMaxAI/MiniMax-M1-80k
MiniMaxAI,MiniMax-M1-80k-hf,MiniMaxAI/MiniMax-M1-80k-hf
MiniMaxAI,MiniMax-Text-01,MiniMaxAI/MiniMax-Text-01
MiniMaxAI,MiniMax-Text-01-hf,MiniMaxAI/MiniMax-Text-01-hf
MiniMaxAI,MiniMax-VL-01,MiniMaxAI/MiniMax-VL-01
Qwen,CodeQwen1.5-7B,Qwen/CodeQwen1.5-7B
Qwen,CodeQwen1.5-7B-Chat,Qwen/CodeQwen1.5-7B-Chat
Qwen,QVQ-72B-Preview,Qwen/QVQ-72B-Preview
Qwen,QwQ-32B,Qwen/QwQ-32B
Qwen,QwQ-32B-Preview,Qwen/QwQ-32B-Preview
Qwen,Qwen-14B,Qwen/Qwen-14B
Qwen,Qwen-14B-Chat,Qwen/Qwen-14B-Chat
Qwen,Qwen-1_8B,Qwen/Qwen-1_8B
Qwen,Qwen-1_8B-Chat,Qwen/Qwen-1_8B-Chat
Qwen,Qwen-72B,Qwen/Qwen-72B
Qwen,Qwen-72B-Chat,Qwen/Qwen-72B-Chat
Qwen,Qwen-7B,Qwen/Qwen-7B
Qwen,Qwen-7B-Chat,Qwen/Qwen-7B-Chat
Qwen,Qwen-VL,Qwen/Qwen-VL
Qwen,Qwen-VL-Chat,Qwen/Qwen-VL-Chat
Qwen,Qwen1.5-0.5B,Qwen/Qwen1.5-0.5B
Qwen,Qwen1.5-0.5B-Chat,Qwen/Qwen1.5-0.5B-Chat
Qwen,Qwen1.5-1.8B,Qwen/Qwen1.5-1.8B
Qwen,Qwen1.5-1.8B-Chat,Qwen/Qwen1.5-1.8B-Chat
Qwen,Qwen1.5-110B,Qwen/Qwen1.5-110B
Qwen,Qwen1.5-110B-Chat,Qwen/Qwen1.5-110B-Chat
Qwen,Qwen1.5-14B,Qwen/Qwen1.5-14B
Qwen,Qwen1.5-14B-Chat,Qwen/Qwen1.5-14B-Chat
Qwen,Qwen1.5-32B,Qwen/Qwen1.5-32B
Qwen,Qwen1.5-32B-Chat,Qwen/Qwen1.5-32B-Chat
Qwen,Qwen1.5-4B,Qwen/Qwen1.5-4B
Qwen,Qwen1.5-4B-Chat,Qwen/Qwen1.5-4B-Chat
Qwen,Qwen1.5-72B,Qwen/Qwen1.5-72B
Qwen,Qwen1.5-72B-Chat,Qwen/Qwen1.5-72B-Chat
Qwen,Qwen1.5-7B,Qwen/Qwen1.5-7B
Qwen,Qwen1.5-7B-Chat,Qwen/Qwen1.5-7B-Chat
Qwen,Qwen1.5-MoE-A2.7B,Qwen/Qwen1.5-MoE-A2.7B
Qwen,Qwen1.5-MoE-A2.7B-Chat,Qwen/Qwen1.5-MoE-A2.7B-Chat
Qwen,Qwen2-0.5B,Qwen/Qwen2-0.5B
Qwen,Qwen2-0.5B-Instruct,Qwen/Qwen2-0.5B-Instruct
Qwen,Qwen2-1.5B,Qwen/Qwen2-1.5B
Qwen,Qwen2-1.5B-Instruct,Qwen/Qwen2-1.5B-Instruct
Qwen,Qwen2-57B-A14B,Qwen/Qwen2-57B-A14B
Qwen,Qwen2-57B-A14B-Instruct,Qwen/Qwen2-57B-A14B-Instruct
Qwen,Qwen2-72B,Qwen/Qwen2-72B
Qwen,Qwen2-72B-Instruct,Qwen/Qwen2-72B-Instruct
Qwen,Qwen2-7B,Qwen/Qwen2-7B
Qwen,Qwen2-7B-Instruct,Qwen/Qwen2-7B-Instruct
Qwen,Qwen2-Math-1.5B,Qwen/Qwen2-Math-1.5B
Qwen,Qwen2-Math-1.5B-Instruct,Qwen/Qwen2-Math-1.5B-Instruct
Qwen,Qwen2-Math-72B,Qwen/Qwen2-Math-72B
Qwen,Qwen2-Math-72B-Instruct,Qwen/Qwen2-Math-72B-Instruct
Qwen,Qwen2-Math-7B,Qwen/Qwen2-Math-7B
Qwen,Qwen2-Math-7B-Instruct,Qwen/Qwen2-Math-7B-Instruct
Qwen,Qwen2-Math-RM-72B,Qwen/Qwen2-Math-RM-72B
Qwen,Qwen2-VL-2B,Qwen/Qwen2-VL-2B
Qwen,Qwen2-VL-2B-Instruct,Qwen/Qwen2-VL-2B-Instruct
Qwen,Qwen2-VL-72B,Qwen/Qwen2-VL-72B
Qwen,Qwen2-VL-72B-Instruct,Qwen/Qwen2-VL-72B-Instruct
Qwen,Qwen2-VL-7B,Qwen/Qwen2-VL-7B
Qwen,Qwen2-VL-7B-Instruct,Qwen/Qwen2-VL-7B-Instruct
Qwen,Qwen2.5-0.5B,Qwen/Qwen2.5-0.5B
Qwen,Qwen2.5-0.5B-Instruct,Qwen/Qwen2.5-0.5B-Instruct
Qwen,Qwen2.5-1.5B,Qwen/Qwen2.5-1.5B
Qwen,Qwen2.5-1.5B-Instruct,Qwen/Qwen2.5-1.5B-Instruct
Qwen,Qwen2.5-14B,Qwen/Qwen2.5-14B
Qwen,Qwen2.5-14B-Instruct,Qwen/Qwen2.5-14B-Instruct
Qwen,Qwen2.5-14B-Instruct-1M,Qwen/Qwen2.5-14B-Instruct-1M
Qwen,Qwen2.5-32B,Qwen/Qwen2.5-32B
Qwen,Qwen2.5-32B-Instruct,Qwen/Qwen2.5-32B-Instruct
Qwen,Qwen2.5-3B,Qwen/Qwen2.5-3B
Qwen,Qwen2.5-3B-Instruct,Qwen/Qwen2.5-3B-Instruct
Qwen,Qwen2.5-72B,Qwen/Qwen2.5-72B
Qwen,Qwen2.5-72B-Instruct,Qwen/Qwen2.5-72B-Instruct
Qwen,Qwen2.5-7B,Qwen/Qwen2.5-7B
Qwen,Qwen2.5-7B-Instruct,Qwen/Qwen2.5-7B-Instruct
Qwen,Qwen2.5-7B-Instruct-1M,Qwen/Qwen2.5-7B-Instruct-1M
Qwen,Qwen2.5-Coder-0.5B,Qwen/Qwen2.5-Coder-0.5B
Qwen,Qwen2.5-Coder-0.5B-Instruct,Qwen/Qwen2.5-Coder-0.5B-Instruct
Qwen,Qwen2.5-Coder-1.5B,Qwen/Qwen2.5-Coder-1.5B
Qwen,Qwen2.5-Coder-1.5B-Instruct,Qwen/Qwen2.5-Coder-1.5B-Instruct
Qwen,Qwen2.5-Coder-14B,Qwen/Qwen2.5-Coder-14B
Qwen,Qwen2.5-Coder-14B-Instruct,Qwen/Qwen2.5-Coder-14B-Instruct
Qwen,Qwen2.5-Coder-32B,Qwen/Qwen2.5-Coder-32B
Qwen,Qwen2.5-Coder-32B-Instruct,Qwen/Qwen2.5-Coder-32B-Instruct
Qwen,Qwen2.5-Coder-3B,Qwen/Qwen2.5-Coder-3B
Qwen,Qwen2.5-Coder-3B-Instruct,Qwen/Qwen2.5-Coder-3B-Instruct
Qwen,Qwen2.5-Coder-7B,Qwen/Qwen2.5-Coder-7B
Qwen,Qwen2.5-Coder-7B-Instruct,Qwen/Qwen2.5-Coder-7B-Instruct
Qwen,Qwen2.5-Math-1.5B,Qwen/Qwen2.5-Math-1.5B
Qwen,Qwen2.5-Math-1.5B-Instruct,Qwen/Qwen2.5-Math-1.5B-Instruct
Qwen,Qwen2.5-Math-72B,Qwen/Qwen2.5-Math-72B
Qwen,Qwen2.5-Math-72B-Instruct,Qwen/Qwen2.5-Math-72B-Instruct
Qwen,Qwen2.5-Math-7B,Qwen/Qwen2.5-Math-7B
Qwen,Qwen2.5-Math-7B-Instruct,Qwen/Qwen2.5-Math-7B-Instruct
Qwen,Qwen2.5-Math-7B-PRM800K,Qwen/Qwen2.5-Math-7B-PRM800K
Qwen,Qwen2.5-Math-PRM-72B,Qwen/Qwen2.5-Math-PRM-72B
Qwen,Qwen2.5-Math-PRM-7B,Qwen/Qwen2.5-Math-PRM-7B
Qwen,Qwen2.5-Math-RM-72B,Qwen/Qwen2.5-Math-RM-72B
Qwen,Qwen2.5-Omni-3B,Qwen/Qwen2.5-Omni-3B
Qwen,Qwen2.5-Omni-7B,Qwen/Qwen2.5-Omni-7B
Qwen,Qwen2.5-VL-32B-Instruct,Qwen/Qwen2.5-VL-32B-Instruct
Qwen,Qwen2.5-VL-3B-Instruct,Qwen/Qwen2.5-VL-3B-Instruct
Qwen,Qwen2.5-VL-72B-Instruct,Qwen/Qwen2.5-VL-72B-Instruct
Qwen,Qwen2.5-VL-7B-Instruct,Qwen/Qwen2.5-VL-7B-Instruct
Qwen,Qwen3-0.6B,Qwen/Qwen3-0.6B
Qwen,Qwen3-0.6B-Base,Qwen/Qwen3-0.6B-Base
Qwen,Qwen3-1.7B,Qwen/Qwen3-1.7B
Qwen,Qwen3-1.7B-Base,Qwen/Qwen3-1.7B-Base
Qwen,Qwen3-14B,Qwen/Qwen3-14B
Qwen,Qwen3-14B-Base,Qwen/Qwen3-14B-Base
Qwen,Qwen3-235B-A22B,Qwen/Qwen3-235B-A22B
Qwen,Qwen3-235B-A22B-Instruct-2507,Qwen/Qwen3-235B-A22B-Instruct-2507
Qwen,Qwen3-235B-A22B-Thinking-2507,Qwen/Qwen3-235B-A22B-Thinking-2507
Qwen,Qwen3-30B-A3B,Qwen/Qwen3-30B-A3B
Qwen,Qwen3-30B-A3B-Base,Qwen/Qwen3-30B-A3B-Base
Qwen,Qwen3-30B-A3B-Instruct-2507,Qwen/Qwen3-30B-A3B-Instruct-2507
Qwen,Qwen3-30B-A3B-Thinking-2507,Qwen/Qwen3-30B-A3B-Thinking-2507
Qwen,Qwen3-32B,Qwen/Qwen3-32B
Qwen,Qwen3-4B,Qwen/Qwen3-4B
Qwen,Qwen3-4B-Base,Qwen/Qwen3-4B-Base
Qwen,Qwen3-4B-Instruct-2507,Qwen/Qwen3-4B-Instruct-2507
Qwen,Qwen3-4B-Thinking-2507,Qwen/Qwen3-4B-Thinking-2507
Qwen,Qwen3-8B,Qwen/Qwen3-8B
Qwen,Qwen3-8B-Base,Qwen/Qwen3-8B-Base
Qwen,Qwen3-Coder-30B-A3B-Instruct,Qwen/Qwen3-Coder-30B-A3B-Instruct
Qwen,Qwen3-Coder-480B-A35B-Instruct,Qwen/Qwen3-Coder-480B-A35B-Instruct
Qwen,Qwen3-Next-80B-A3B-Instruct,Qwen/Qwen3-Next-80B-A3B-Instruct
Qwen,Qwen3-Next-80B-A3B-Thinking,Qwen/Qwen3-Next-80B-A3B-Thinking
Qwen,Qwen3-Omni-30B-A3B-Captioner,Qwen/Qwen3-Omni-30B-A3B-Captioner
Qwen,Qwen3-Omni-30B-A3B-Instruct,Qwen/Qwen3-Omni-30B-A3B-Instruct
Qwen,Qwen3-Omni-30B-A3B-Thinking,Qwen/Qwen3-Omni-30B-A3B-Thinking
Qwen,Qwen3-VL-235B-A22B-Instruct,Qwen/Qwen3-VL-235B-A22B-Instruct
Qwen,Qwen3-VL-235B-A22B-Thinking,Qwen/Qwen3-VL-235B-A22B-Thinking
Qwen,Qwen3Guard-Gen-0.6B,Qwen/Qwen3Guard-Gen-0.6B
Qwen,Qwen3Guard-Gen-4B,Qwen/Qwen3Guard-Gen-4B
Qwen,Qwen3Guard-Gen-8B,Qwen/Qwen3Guard-Gen-8B
Qwen,Qwen3Guard-Stream-0.6B,Qwen/Qwen3Guard-Stream-0.6B
Qwen,Qwen3Guard-Stream-4B,Qwen/Qwen3Guard-Stream-4B
Qwen,Qwen3Guard-Stream-8B,Qwen/Qwen3Guard-Stream-8B
Skywork,Skywork-13B-Base-8bits,Skywork/Skywork-13B-Base-8bits
Skywork,Skywork-13B-Base-Intermediate,Skywork/Skywork-13B-Base-Intermediate
Skywork,Skywork-13B-Math,Skywork/Skywork-13B-Math
Skywork,Skywork-13B-Math-8bits,Skywork/Skywork-13B-Math-8bits
Skywork,Skywork-13B-base,Skywork/Skywork-13B-base
Skywork,Skywork-MoE-Base,Skywork/Skywork-MoE-Base
Skywork,Skywork-MoE-Base-FP8,Skywork/Skywork-MoE-Base-FP8
Skywork,Skywork-OR1-32B,Skywork/Skywork-OR1-32B
Skywork,Skywork-OR1-32B-Preview,Skywork/Skywork-OR1-32B-Preview
Skywork,Skywork-OR1-7B,Skywork/Skywork-OR1-7B
Skywork,Skywork-OR1-7B-Preview,Skywork/Skywork-OR1-7B-Preview
Skywork,Skywork-OR1-Math-7B,Skywork/Skywork-OR1-Math-7B
Skywork,Skywork-R1V-38B,Skywork/Skywork-R1V-38B
Skywork,Skywork-R1V2-38B,Skywork/Skywork-R1V2-38B
Skywork,Skywork-R1V3-38B,Skywork/Skywork-R1V3-38B
Skywork,Skywork-VL-Reward-7B,Skywork/Skywork-VL-Reward-7B
Skywork,Skywork-o1-Open-Llama-3.1-8B,Skywork/Skywork-o1-Open-Llama-3.1-8B
Skywork,Skywork-o1-Open-PRM-Qwen-2.5-1.5B,Skywork/Skywork-o1-Open-PRM-Qwen-2.5-1.5B
Skywork,Skywork-o1-Open-PRM-Qwen-2.5-7B,Skywork/Skywork-o1-Open-PRM-Qwen-2.5-7B
Skywork,SkyworkVL-2B,Skywork/SkyworkVL-2B
Skywork,SkyworkVL-38B,Skywork/SkyworkVL-38B
Snowflake,Arctic-Text2SQL-R1-7B,Snowflake/Arctic-Text2SQL-R1-7B
Snowflake,Llama-3.1-SwiftKV-8B-Instruct,Snowflake/Llama-3.1-SwiftKV-8B-Instruct
Snowflake,Llama-3.3-SwiftKV-70B-Instruct,Snowflake/Llama-3.3-SwiftKV-70B-Instruct
Snowflake,Qwen-2.5-coder-Arctic-ExCoT-32B,Snowflake/Qwen-2.5-coder-Arctic-ExCoT-32B
Snowflake,e5-base-arctic-finetune,Snowflake/e5-base-arctic-finetune
Snowflake,snowflake-arctic-base,Snowflake/snowflake-arctic-base
Snowflake,snowflake-arctic-instruct,Snowflake/snowflake-arctic-instruct
Snowflake,snowflake-arctic-instruct-vllm,Snowflake/snowflake-arctic-instruct-vllm
THUDM,BPO,THUDM/BPO
THUDM,CogAgent,THUDM/CogAgent
THUDM,CogVLM,THUDM/CogVLM
THUDM,CogVideoX-2b,THUDM/CogVideoX-2b
THUDM,CogVideoX-5b,THUDM/CogVideoX-5b
THUDM,CogVideoX-5b-I2V,THUDM/CogVideoX-5b-I2V
THUDM,CogView3-Plus-3B,THUDM/CogView3-Plus-3B
THUDM,CogView4-6B,THUDM/CogView4-6B
THUDM,GLM-4-32B-0414,THUDM/GLM-4-32B-0414
THUDM,GLM-4-32B-Base-0414,THUDM/GLM-4-32B-Base-0414
THUDM,GLM-4-9B-0414,THUDM/GLM-4-9B-0414
THUDM,GLM-4.1V-9B-Base,THUDM/GLM-4.1V-9B-Base
THUDM,GLM-4.1V-9B-Thinking,THUDM/GLM-4.1V-9B-Thinking
THUDM,GLM-Z1-32B-0414,THUDM/GLM-Z1-32B-0414
THUDM,GLM-Z1-9B-0414,THUDM/GLM-Z1-9B-0414
THUDM,GLM-Z1-Rumination-32B-0414,THUDM/GLM-Z1-Rumination-32B-0414
THUDM,LongAlign-13B-64k,THUDM/LongAlign-13B-64k
THUDM,LongAlign-13B-64k-base,THUDM/LongAlign-13B-64k-base
THUDM,LongAlign-6B-64k,THUDM/LongAlign-6B-64k
THUDM,LongAlign-6B-64k-base,THUDM/LongAlign-6B-64k-base
THUDM,LongAlign-7B-64k,THUDM/LongAlign-7B-64k
THUDM,LongAlign-7B-64k-base,THUDM/LongAlign-7B-64k-base
THUDM,LongCite-glm4-9b,THUDM/LongCite-glm4-9b
THUDM,LongCite-llama3.1-8b,THUDM/LongCite-llama3.1-8b
THUDM,MSAGPT,THUDM/MSAGPT
THUDM,MathGLM,THUDM/MathGLM
THUDM,MathGLM-Vision,THUDM/MathGLM-Vision
THUDM,MathGLM-Vision-19B,THUDM/MathGLM-Vision-19B
THUDM,WebGLM,THUDM/WebGLM
THUDM,WebGLM-2B,THUDM/WebGLM-2B
THUDM,agentlm-13b,THUDM/agentlm-13b
THUDM,agentlm-70b,THUDM/agentlm-70b
THUDM,agentlm-7b,THUDM/agentlm-7b
THUDM,androidgen-glm-4-9b,THUDM/androidgen-glm-4-9b
THUDM,androidgen-llama-3-70b,THUDM/androidgen-llama-3-70b
THUDM,apar-13b,THUDM/apar-13b
THUDM,apar-7b,THUDM/apar-7b
THUDM,chatglm-6b,THUDM/chatglm-6b
THUDM,chatglm-6b-int4,THUDM/chatglm-6b-int4
THUDM,chatglm-6b-int4-qe,THUDM/chatglm-6b-int4-qe
THUDM,chatglm-6b-int8,THUDM/chatglm-6b-int8
THUDM,chatglm2-6b,THUDM/chatglm2-6b
THUDM,chatglm2-6b-32k,THUDM/chatglm2-6b-32k
THUDM,chatglm2-6b-32k-int4,THUDM/chatglm2-6b-32k-int4
THUDM,chatglm2-6b-int4,THUDM/chatglm2-6b-int4
THUDM,chatglm3-6b,THUDM/chatglm3-6b
THUDM,chatglm3-6b-128k,THUDM/chatglm3-6b-128k
THUDM,chatglm3-6b-32k,THUDM/chatglm3-6b-32k
THUDM,chatglm3-6b-base,THUDM/chatglm3-6b-base
THUDM,codegeex2-6b,THUDM/codegeex2-6b
THUDM,codegeex2-6b-int4,THUDM/codegeex2-6b-int4
THUDM,codegeex4-all-9b,THUDM/codegeex4-all-9b
THUDM,cogagent-9b-20241220,THUDM/cogagent-9b-20241220
THUDM,cogagent-chat-hf,THUDM/cogagent-chat-hf
THUDM,cogagent-vqa-hf,THUDM/cogagent-vqa-hf
THUDM,cogvlm-base-224-hf,THUDM/cogvlm-base-224-hf
THUDM,cogvlm-base-490-hf,THUDM/cogvlm-base-490-hf
THUDM,cogvlm-chat-hf,THUDM/cogvlm-chat-hf
THUDM,cogvlm-grounding-base-hf,THUDM/cogvlm-grounding-base-hf
THUDM,cogvlm-grounding-generalist-hf,THUDM/cogvlm-grounding-generalist-hf
THUDM,cogvlm2-llama3-caption,THUDM/cogvlm2-llama3-caption
THUDM,cogvlm2-llama3-chat-19B,THUDM/cogvlm2-llama3-chat-19B
THUDM,cogvlm2-llama3-chat-19B-int4,THUDM/cogvlm2-llama3-chat-19B-int4
THUDM,cogvlm2-llama3-chat-19B-tgi,THUDM/cogvlm2-llama3-chat-19B-tgi
THUDM,cogvlm2-llama3-chinese-chat-19B,THUDM/cogvlm2-llama3-chinese-chat-19B
THUDM,cogvlm2-llama3-chinese-chat-19B-int4,THUDM/cogvlm2-llama3-chinese-chat-19B-int4
THUDM,cogvlm2-llama3-chinese-chat-19B-tgi,THUDM/cogvlm2-llama3-chinese-chat-19B-tgi
THUDM,cogvlm2-video-llama3-base,THUDM/cogvlm2-video-llama3-base
THUDM,cogvlm2-video-llama3-chat,THUDM/cogvlm2-video-llama3-chat
THUDM,glm-10b,THUDM/glm-10b
THUDM,glm-10b-chinese,THUDM/glm-10b-chinese
THUDM,glm-2b,THUDM/glm-2b
THUDM,glm-4-9b,THUDM/glm-4-9b
THUDM,glm-4-9b-chat,THUDM/glm-4-9b-chat
THUDM,glm-4-9b-chat-1m,THUDM/glm-4-9b-chat-1m
THUDM,glm-4-9b-chat-1m-hf,THUDM/glm-4-9b-chat-1m-hf
THUDM,glm-4-9b-chat-hf,THUDM/glm-4-9b-chat-hf
THUDM,glm-4-9b-hf,THUDM/glm-4-9b-hf
THUDM,glm-4-voice-9b,THUDM/glm-4-voice-9b
THUDM,glm-4-voice-decoder,THUDM/glm-4-voice-decoder
THUDM,glm-4-voice-tokenizer,THUDM/glm-4-voice-tokenizer
THUDM,glm-4v-9b,THUDM/glm-4v-9b
THUDM,glm-edge-1.5b-chat,THUDM/glm-edge-1.5b-chat
THUDM,glm-edge-4b-chat,THUDM/glm-edge-4b-chat
THUDM,glm-edge-v-2b,THUDM/glm-edge-v-2b
THUDM,glm-edge-v-5b,THUDM/glm-edge-v-5b
THUDM,glm-large-chinese,THUDM/glm-large-chinese
THUDM,glm-roberta-large,THUDM/glm-roberta-large
THUDM,visualglm-6b,THUDM/visualglm-6b
THUDM,webrl-glm-4-9b,THUDM/webrl-glm-4-9b
THUDM,webrl-llama-3.1-70b,THUDM/webrl-llama-3.1-70b
THUDM,webrl-llama-3.1-8b,THUDM/webrl-llama-3.1-8b
THUDM,webrl-orm-llama-3.1-8b,THUDM/webrl-orm-llama-3.1-8b
zai-org,BPO,zai-org/BPO
zai-org,CogAgent,zai-org/CogAgent
zai-org,CogVLM,zai-org/CogVLM
zai-org,CogVideoX-2b,zai-org/CogVideoX-2b
zai-org,CogVideoX-5b,zai-org/CogVideoX-5b
zai-org,CogVideoX-5b-I2V,zai-org/CogVideoX-5b-I2V
zai-org,CogView3-Plus-3B,zai-org/CogView3-Plus-3B
zai-org,CogView4-6B,zai-org/CogView4-6B
zai-org,GLM-4-32B-0414,zai-org/GLM-4-32B-0414
zai-org,GLM-4-32B-Base-0414,zai-org/GLM-4-32B-Base-0414
zai-org,GLM-4-9B-0414,zai-org/GLM-4-9B-0414
zai-org,GLM-4.1V-9B-Base,zai-org/GLM-4.1V-9B-Base
zai-org,GLM-4.1V-9B-Thinking,zai-org/GLM-4.1V-9B-Thinking
zai-org,GLM-Z1-32B-0414,zai-org/GLM-Z1-32B-0414
zai-org,GLM-Z1-9B-0414,zai-org/GLM-Z1-9B-0414
zai-org,GLM-Z1-Rumination-32B-0414,zai-org/GLM-Z1-Rumination-32B-0414
zai-org,LongAlign-13B-64k,zai-org/LongAlign-13B-64k
zai-org,LongAlign-13B-64k-base,zai-org/LongAlign-13B-64k-base
zai-org,LongAlign-6B-64k,zai-org/LongAlign-6B-64k
zai-org,LongAlign-6B-64k-base,zai-org/LongAlign-6B-64k-base
zai-org,LongAlign-7B-64k,zai-org/LongAlign-7B-64k
zai-org,LongAlign-7B-64k-base,zai-org/LongAlign-7B-64k-base
zai-org,LongCite-glm4-9b,zai-org/LongCite-glm4-9b
zai-org,LongCite-llama3.1-8b,zai-org/LongCite-llama3.1-8b
zai-org,MSAGPT,zai-org/MSAGPT
zai-org,MathGLM,zai-org/MathGLM
zai-org,MathGLM-Vision,zai-org/MathGLM-Vision
zai-org,MathGLM-Vision-19B,zai-org/MathGLM-Vision-19B
zai-org,WebGLM,zai-org/WebGLM
zai-org,WebGLM-2B,zai-org/WebGLM-2B
zai-org,agentlm-13b,zai-org/agentlm-13b
zai-org,agentlm-70b,zai-org/agentlm-70b
zai-org,agentlm-7b,zai-org/agentlm-7b
zai-org,androidgen-glm-4-9b,zai-org/androidgen-glm-4-9b
zai-org,androidgen-llama-3-70b,zai-org/androidgen-llama-3-70b
zai-org,apar-13b,zai-org/apar-13b
zai-org,apar-7b,zai-org/apar-7b
zai-org,chatglm-6b,zai-org/chatglm-6b
zai-org,chatglm-6b-int4,zai-org/chatglm-6b-int4
zai-org,chatglm-6b-int4-qe,zai-org/chatglm-6b-int4-qe
zai-org,chatglm-6b-int8,zai-org/chatglm-6b-int8
zai-org,chatglm2-6b,zai-org/chatglm2-6b
zai-org,chatglm2-6b-32k,zai-org/chatglm2-6b-32k
zai-org,chatglm2-6b-32k-int4,zai-org/chatglm2-6b-32k-int4
zai-org,chatglm2-6b-int4,zai-org/chatglm2-6b-int4
zai-org,chatglm3-6b,zai-org/chatglm3-6b
zai-org,chatglm3-6b-128k,zai-org/chatglm3-6b-128k
zai-org,chatglm3-6b-32k,zai-org/chatglm3-6b-32k
zai-org,chatglm3-6b-base,zai-org/chatglm3-6b-base
zai-org,codegeex2-6b,zai-org/codegeex2-6b
zai-org,codegeex2-6b-int4,zai-org/codegeex2-6b-int4
zai-org,codegeex4-all-9b,zai-org/codegeex4-all-9b
zai-org,cogagent-9b-20241220,zai-org/cogagent-9b-20241220
zai-org,cogagent-chat-hf,zai-org/cogagent-chat-hf
zai-org,cogagent-vqa-hf,zai-org/cogagent-vqa-hf
zai-org,cogvlm-base-224-hf,zai-org/cogvlm-base-224-hf
zai-org,cogvlm-base-490-hf,zai-org/cogvlm-base-490-hf
zai-org,cogvlm-chat-hf,zai-org/cogvlm-chat-hf
zai-org,cogvlm-grounding-base-hf,zai-org/cogvlm-grounding-base-hf
zai-org,cogvlm-grounding-generalist-hf,zai-org/cogvlm-grounding-generalist-hf
zai-org,cogvlm2-llama3-caption,zai-org/cogvlm2-llama3-caption
zai-org,cogvlm2-llama3-chat-19B,zai-org/cogvlm2-llama3-chat-19B
zai-org,cogvlm2-llama3-chat-19B-int4,zai-org/cogvlm2-llama3-chat-19B-int4
zai-org,cogvlm2-llama3-chat-19B-tgi,zai-org/cogvlm2-llama3-chat-19B-tgi
zai-org,cogvlm2-llama3-chinese-chat-19B,zai-org/cogvlm2-llama3-chinese-chat-19B
zai-org,cogvlm2-llama3-chinese-chat-19B-int4,zai-org/cogvlm2-llama3-chinese-chat-19B-int4
zai-org,cogvlm2-llama3-chinese-chat-19B-tgi,zai-org/cogvlm2-llama3-chinese-chat-19B-tgi
zai-org,cogvlm2-video-llama3-base,zai-org/cogvlm2-video-llama3-base
zai-org,cogvlm2-video-llama3-chat,zai-org/cogvlm2-video-llama3-chat
zai-org,glm-10b,zai-org/glm-10b
zai-org,glm-10b-chinese,zai-org/glm-10b-chinese
zai-org,glm-2b,zai-org/glm-2b
zai-org,glm-4-9b,zai-org/glm-4-9b
zai-org,glm-4-9b-chat,zai-org/glm-4-9b-chat
zai-org,glm-4-9b-chat-1m,zai-org/glm-4-9b-chat-1m
zai-org,glm-4-9b-chat-1m-hf,zai-org/glm-4-9b-chat-1m-hf
zai-org,glm-4-9b-chat-hf,zai-org/glm-4-9b-chat-hf
zai-org,glm-4-9b-hf,zai-org/glm-4-9b-hf
zai-org,glm-4-voice-9b,zai-org/glm-4-voice-9b
zai-org,glm-4-voice-decoder,zai-org/glm-4-voice-decoder
zai-org,glm-4-voice-tokenizer,zai-org/glm-4-voice-tokenizer
zai-org,glm-4v-9b,zai-org/glm-4v-9b
zai-org,glm-edge-1.5b-chat,zai-org/glm-edge-1.5b-chat
zai-org,glm-edge-4b-chat,zai-org/glm-edge-4b-chat
zai-org,glm-edge-v-2b,zai-org/glm-edge-v-2b
zai-org,glm-edge-v-5b,zai-org/glm-edge-v-5b
zai-org,glm-large-chinese,zai-org/glm-large-chinese
zai-org,glm-roberta-large,zai-org/glm-roberta-large
zai-org,visualglm-6b,zai-org/visualglm-6b
zai-org,webrl-glm-4-9b,zai-org/webrl-glm-4-9b
zai-org,webrl-llama-3.1-70b,zai-org/webrl-llama-3.1-70b
zai-org,webrl-llama-3.1-8b,zai-org/webrl-llama-3.1-8b
zai-org,webrl-orm-llama-3.1-8b,zai-org/webrl-orm-llama-3.1-8b
zai-org,GLM-4.5V,zai-org/GLM-4.5V
zai-org,GLM-4.5,zai-org/GLM-4.5
zai-org,GLM-4.1V-9B-Base,zai-org/GLM-4.1V-9B-Base
zai-org,GLM-4.1V-9B-Thinking,zai-org/GLM-4.1V-9B-Thinking
zai-org,GLM-4.5-Air,zai-org/GLM-4.5-Air
zai-org,GLM-4.5-Air-Base,zai-org/GLM-4.5-Air-Base
zai-org,GLM-4.5-Base,zai-org/GLM-4.5-Base
XiaomiMiMo,MiMo-7B-Base,XiaomiMiMo/MiMo-7B-Base
XiaomiMiMo,MiMo-7B-RL,XiaomiMiMo/MiMo-7B-RL
XiaomiMiMo,MiMo-7B-RL-0530,XiaomiMiMo/MiMo-7B-RL-0530
XiaomiMiMo,MiMo-7B-RL-Zero,XiaomiMiMo/MiMo-7B-RL-Zero
XiaomiMiMo,MiMo-7B-SFT,XiaomiMiMo/MiMo-7B-SFT
XiaomiMiMo,MiMo-VL-7B-RL,XiaomiMiMo/MiMo-VL-7B-RL
XiaomiMiMo,MiMo-VL-7B-RL-2508,XiaomiMiMo/MiMo-VL-7B-RL-2508
XiaomiMiMo,MiMo-VL-7B-SFT,XiaomiMiMo/MiMo-VL-7B-SFT
XiaomiMiMo,MiMo-VL-7B-SFT-2508,XiaomiMiMo/MiMo-VL-7B-SFT-2508
ai21labs,AI21-Jamba-Large-1.5,ai21labs/AI21-Jamba-Large-1.5
ai21labs,AI21-Jamba-Large-1.6,ai21labs/AI21-Jamba-Large-1.6
ai21labs,AI21-Jamba-Large-1.7,ai21labs/AI21-Jamba-Large-1.7
ai21labs,AI21-Jamba-Large-1.7-FP8,ai21labs/AI21-Jamba-Large-1.7-FP8
ai21labs,AI21-Jamba-Mini-1.5,ai21labs/AI21-Jamba-Mini-1.5
ai21labs,AI21-Jamba-Mini-1.6,ai21labs/AI21-Jamba-Mini-1.6
ai21labs,AI21-Jamba-Mini-1.7,ai21labs/AI21-Jamba-Mini-1.7
ai21labs,AI21-Jamba-Mini-1.7-FP8,ai21labs/AI21-Jamba-Mini-1.7-FP8
ai21labs,Jamba-tiny-dev,ai21labs/Jamba-tiny-dev
ai21labs,Jamba-tiny-random,ai21labs/Jamba-tiny-random
ai21labs,Jamba-v0.1,ai21labs/Jamba-v0.1
allenai,Flex-public-7B-1T,allenai/Flex-public-7B-1T
allenai,FlexOlmo-7x7B-1T,allenai/FlexOlmo-7x7B-1T
allenai,Llama-3.1-Tulu-3-405B,allenai/Llama-3.1-Tulu-3-405B
allenai,Llama-3.1-Tulu-3-405B-DPO,allenai/Llama-3.1-Tulu-3-405B-DPO
allenai,Llama-3.1-Tulu-3-405B-SFT,allenai/Llama-3.1-Tulu-3-405B-SFT
allenai,Llama-3.1-Tulu-3-70B,allenai/Llama-3.1-Tulu-3-70B
allenai,Llama-3.1-Tulu-3-70B-DPO,allenai/Llama-3.1-Tulu-3-70B-DPO
allenai,Llama-3.1-Tulu-3-70B-SFT,allenai/Llama-3.1-Tulu-3-70B-SFT
allenai,Llama-3.1-Tulu-3-70B-broken,allenai/Llama-3.1-Tulu-3-70B-broken
allenai,Llama-3.1-Tulu-3-8B,allenai/Llama-3.1-Tulu-3-8B
allenai,Llama-3.1-Tulu-3-8B-DPO,allenai/Llama-3.1-Tulu-3-8B-DPO
allenai,Llama-3.1-Tulu-3-8B-RM,allenai/Llama-3.1-Tulu-3-8B-RM
allenai,Llama-3.1-Tulu-3-8B-SFT,allenai/Llama-3.1-Tulu-3-8B-SFT
allenai,Llama-3.1-Tulu-3.1-8B,allenai/Llama-3.1-Tulu-3.1-8B
allenai,Molmo-72B-0924,allenai/Molmo-72B-0924
allenai,Molmo-7B-D-0924,allenai/Molmo-7B-D-0924
allenai,Molmo-7B-O-0924,allenai/Molmo-7B-O-0924
allenai,MolmoAct-7B-D-0812,allenai/MolmoAct-7B-D-0812
allenai,MolmoE-1B-0924,allenai/MolmoE-1B-0924
allenai,OLMo-1B,allenai/OLMo-1B
allenai,OLMo-1B-0724-954000steps-unsharded,allenai/OLMo-1B-0724-954000steps-unsharded
allenai,OLMo-1B-0724-hf,allenai/OLMo-1B-0724-hf
allenai,OLMo-1B-hf,allenai/OLMo-1B-hf
allenai,OLMo-2-0325-32B,allenai/OLMo-2-0325-32B
allenai,OLMo-2-0325-32B-DPO,allenai/OLMo-2-0325-32B-DPO
allenai,OLMo-2-0325-32B-Instruct,allenai/OLMo-2-0325-32B-Instruct
allenai,OLMo-2-0325-32B-SFT,allenai/OLMo-2-0325-32B-SFT
allenai,OLMo-2-0425-1B,allenai/OLMo-2-0425-1B
allenai,OLMo-2-0425-1B-DPO,allenai/OLMo-2-0425-1B-DPO
allenai,OLMo-2-0425-1B-Instruct,allenai/OLMo-2-0425-1B-Instruct
allenai,OLMo-2-0425-1B-RLVR1,allenai/OLMo-2-0425-1B-RLVR1
allenai,OLMo-2-0425-1B-SFT,allenai/OLMo-2-0425-1B-SFT
allenai,OLMo-2-1124-13B,allenai/OLMo-2-1124-13B
allenai,OLMo-2-1124-13B-DPO,allenai/OLMo-2-1124-13B-DPO
allenai,OLMo-2-1124-13B-DPO-Preview,allenai/OLMo-2-1124-13B-DPO-Preview
allenai,OLMo-2-1124-13B-Instruct,allenai/OLMo-2-1124-13B-Instruct
allenai,OLMo-2-1124-13B-Instruct-RLVR1,allenai/OLMo-2-1124-13B-Instruct-RLVR1
allenai,OLMo-2-1124-13B-Instruct-RLVR2,allenai/OLMo-2-1124-13B-Instruct-RLVR2
allenai,OLMo-2-1124-13B-Instruct-preview,allenai/OLMo-2-1124-13B-Instruct-preview
allenai,OLMo-2-1124-13B-RM,allenai/OLMo-2-1124-13B-RM
allenai,OLMo-2-1124-13B-SFT,allenai/OLMo-2-1124-13B-SFT
allenai,OLMo-2-1124-13B-SFT-Preview,allenai/OLMo-2-1124-13B-SFT-Preview
allenai,OLMo-2-1124-7B,allenai/OLMo-2-1124-7B
allenai,OLMo-2-1124-7B-DPO,allenai/OLMo-2-1124-7B-DPO
allenai,OLMo-2-1124-7B-DPO-Preview,allenai/OLMo-2-1124-7B-DPO-Preview
allenai,OLMo-2-1124-7B-Instruct,allenai/OLMo-2-1124-7B-Instruct
allenai,OLMo-2-1124-7B-Instruct-preview,allenai/OLMo-2-1124-7B-Instruct-preview
allenai,OLMo-2-1124-7B-RM,allenai/OLMo-2-1124-7B-RM
allenai,OLMo-2-1124-7B-RM-Preview,allenai/OLMo-2-1124-7B-RM-Preview
allenai,OLMo-2-1124-7B-SFT,allenai/OLMo-2-1124-7B-SFT
allenai,OLMo-2-1124-7B-SFT-Preview,allenai/OLMo-2-1124-7B-SFT-Preview
allenai,OLMo-7B,allenai/OLMo-7B
allenai,OLMo-7B-0424,allenai/OLMo-7B-0424
allenai,OLMo-7B-0424-Instruct-hf,allenai/OLMo-7B-0424-Instruct-hf
allenai,OLMo-7B-0424-SFT-hf,allenai/OLMo-7B-0424-SFT-hf
allenai,OLMo-7B-0424-hf,allenai/OLMo-7B-0424-hf
allenai,OLMo-7B-0724-Instruct-hf,allenai/OLMo-7B-0724-Instruct-hf
allenai,OLMo-7B-0724-SFT-hf,allenai/OLMo-7B-0724-SFT-hf
allenai,OLMo-7B-0724-hf,allenai/OLMo-7B-0724-hf
allenai,OLMo-7B-1024-preview,allenai/OLMo-7B-1024-preview
allenai,OLMo-7B-Instruct,allenai/OLMo-7B-Instruct
allenai,OLMo-7B-Instruct-hf,allenai/OLMo-7B-Instruct-hf
allenai,OLMo-7B-SFT,allenai/OLMo-7B-SFT
allenai,OLMo-7B-SFT-hf,allenai/OLMo-7B-SFT-hf
allenai,OLMo-7B-Twin-2T,allenai/OLMo-7B-Twin-2T
allenai,OLMo-7B-Twin-2T-hf,allenai/OLMo-7B-Twin-2T-hf
allenai,OLMo-7B-hf,allenai/OLMo-7B-hf
allenai,OLMo-Ladder-760M-0.5xC,allenai/OLMo-Ladder-760M-0.5xC
allenai,OLMoE-1B-7B-0125,allenai/OLMoE-1B-7B-0125
allenai,OLMoE-1B-7B-0125-DPO,allenai/OLMoE-1B-7B-0125-DPO
allenai,OLMoE-1B-7B-0125-Instruct,allenai/OLMoE-1B-7B-0125-Instruct
allenai,OLMoE-1B-7B-0125-SFT,allenai/OLMoE-1B-7B-0125-SFT
allenai,OLMoE-1B-7B-0924,allenai/OLMoE-1B-7B-0924
allenai,OLMoE-1B-7B-0924-Instruct,allenai/OLMoE-1B-7B-0924-Instruct
allenai,OLMoE-1B-7B-0924-SFT,allenai/OLMoE-1B-7B-0924-SFT
allenai,codetulu-2-13b,allenai/codetulu-2-13b
allenai,codetulu-2-34b,allenai/codetulu-2-34b
allenai,codetulu-2-7b,allenai/codetulu-2-7b
allenai,dolma2-tokenizer-U10F0F0,allenai/dolma2-tokenizer-U10F0F0
allenai,olmOCR-7B-0225-preview,allenai/olmOCR-7B-0225-preview
allenai,olmOCR-7B-0225-preview-FP8,allenai/olmOCR-7B-0225-preview-FP8
allenai,tulu-13b,allenai/tulu-13b
allenai,tulu-2-13b,allenai/tulu-2-13b
allenai,tulu-2-70b,allenai/tulu-2-70b
allenai,tulu-2-7b,allenai/tulu-2-7b
allenai,tulu-30b,allenai/tulu-30b
allenai,tulu-65b,allenai/tulu-65b
allenai,tulu-7b,allenai/tulu-7b
allenai,tulu-v1-llama2-13b,allenai/tulu-v1-llama2-13b
allenai,tulu-v1-llama2-7b,allenai/tulu-v1-llama2-7b
baidu,ERNIE-4.5-0.3B-Base-PT,baidu/ERNIE-4.5-0.3B-Base-PT
baidu,ERNIE-4.5-0.3B-PT,baidu/ERNIE-4.5-0.3B-PT
baidu,ERNIE-4.5-21B-A3B-Base-PT,baidu/ERNIE-4.5-21B-A3B-Base-PT
baidu,ERNIE-4.5-21B-A3B-PT,baidu/ERNIE-4.5-21B-A3B-PT
baidu,ERNIE-4.5-21B-A3B-Thinking,baidu/ERNIE-4.5-21B-A3B-Thinking
baidu,ERNIE-4.5-300B-A47B-Base-PT,baidu/ERNIE-4.5-300B-A47B-Base-PT
baidu,ERNIE-4.5-300B-A47B-PT,baidu/ERNIE-4.5-300B-A47B-PT
baidu,ERNIE-4.5-VL-28B-A3B-Base-PT,baidu/ERNIE-4.5-VL-28B-A3B-Base-PT
baidu,ERNIE-4.5-VL-28B-A3B-PT,baidu/ERNIE-4.5-VL-28B-A3B-PT
baidu,ERNIE-4.5-VL-424B-A47B-Base-PT,baidu/ERNIE-4.5-VL-424B-A47B-Base-PT
baidu,ERNIE-4.5-VL-424B-A47B-PT,baidu/ERNIE-4.5-VL-424B-A47B-PT
baidu,Qianfan-VL-3B,baidu/Qianfan-VL-3B
baidu,Qianfan-VL-70B,baidu/Qianfan-VL-70B
baidu,Qianfan-VL-8B,baidu/Qianfan-VL-8B
deepseek-ai,DeepSeek-Coder-V2-Base,deepseek-ai/DeepSeek-Coder-V2-Base
deepseek-ai,DeepSeek-Coder-V2-Instruct,deepseek-ai/DeepSeek-Coder-V2-Instruct
deepseek-ai,DeepSeek-Coder-V2-Instruct-0724,deepseek-ai/DeepSeek-Coder-V2-Instruct-0724
deepseek-ai,DeepSeek-Coder-V2-Lite-Base,deepseek-ai/DeepSeek-Coder-V2-Lite-Base
deepseek-ai,DeepSeek-Coder-V2-Lite-Instruct,deepseek-ai/DeepSeek-Coder-V2-Lite-Instruct
deepseek-ai,DeepSeek-Prover-V1,deepseek-ai/DeepSeek-Prover-V1
deepseek-ai,DeepSeek-Prover-V1.5-Base,deepseek-ai/DeepSeek-Prover-V1.5-Base
deepseek-ai,DeepSeek-Prover-V1.5-RL,deepseek-ai/DeepSeek-Prover-V1.5-RL
deepseek-ai,DeepSeek-Prover-V1.5-SFT,deepseek-ai/DeepSeek-Prover-V1.5-SFT
deepseek-ai,DeepSeek-Prover-V2-671B,deepseek-ai/DeepSeek-Prover-V2-671B
deepseek-ai,DeepSeek-Prover-V2-7B,deepseek-ai/DeepSeek-Prover-V2-7B
deepseek-ai,DeepSeek-R1,deepseek-ai/DeepSeek-R1
deepseek-ai,DeepSeek-R1-0528,deepseek-ai/DeepSeek-R1-0528
deepseek-ai,DeepSeek-R1-0528-Qwen3-8B,deepseek-ai/DeepSeek-R1-0528-Qwen3-8B
deepseek-ai,DeepSeek-R1-Distill-Llama-70B,deepseek-ai/DeepSeek-R1-Distill-Llama-70B
deepseek-ai,DeepSeek-R1-Distill-Llama-8B,deepseek-ai/DeepSeek-R1-Distill-Llama-8B
deepseek-ai,DeepSeek-R1-Distill-Qwen-1.5B,deepseek-ai/DeepSeek-R1-Distill-Qwen-1.5B
deepseek-ai,DeepSeek-R1-Distill-Qwen-14B,deepseek-ai/DeepSeek-R1-Distill-Qwen-14B
deepseek-ai,DeepSeek-R1-Distill-Qwen-32B,deepseek-ai/DeepSeek-R1-Distill-Qwen-32B
deepseek-ai,DeepSeek-R1-Distill-Qwen-7B,deepseek-ai/DeepSeek-R1-Distill-Qwen-7B
deepseek-ai,DeepSeek-R1-Zero,deepseek-ai/DeepSeek-R1-Zero
deepseek-ai,DeepSeek-V2,deepseek-ai/DeepSeek-V2
deepseek-ai,DeepSeek-V2-Chat,deepseek-ai/DeepSeek-V2-Chat
deepseek-ai,DeepSeek-V2-Chat-0628,deepseek-ai/DeepSeek-V2-Chat-0628
deepseek-ai,DeepSeek-V2-Lite,deepseek-ai/DeepSeek-V2-Lite
deepseek-ai,DeepSeek-V2-Lite-Chat,deepseek-ai/DeepSeek-V2-Lite-Chat
deepseek-ai,DeepSeek-V2.5,deepseek-ai/DeepSeek-V2.5
deepseek-ai,DeepSeek-V2.5-1210,deepseek-ai/DeepSeek-V2.5-1210
deepseek-ai,DeepSeek-V3,deepseek-ai/DeepSeek-V3
deepseek-ai,DeepSeek-V3-0324,deepseek-ai/DeepSeek-V3-0324
deepseek-ai,DeepSeek-V3-Base,deepseek-ai/DeepSeek-V3-Base
deepseek-ai,DeepSeek-V3.1,deepseek-ai/DeepSeek-V3.1
deepseek-ai,DeepSeek-V3.1-Base,deepseek-ai/DeepSeek-V3.1-Base
deepseek-ai,DeepSeek-V3.1-Terminus,deepseek-ai/DeepSeek-V3.1-Terminus
deepseek-ai,Janus-1.3B,deepseek-ai/Janus-1.3B
deepseek-ai,Janus-Pro-1B,deepseek-ai/Janus-Pro-1B
deepseek-ai,Janus-Pro-7B,deepseek-ai/Janus-Pro-7B
deepseek-ai,JanusFlow-1.3B,deepseek-ai/JanusFlow-1.3B
deepseek-ai,deepseek-coder-1.3b-base,deepseek-ai/deepseek-coder-1.3b-base
deepseek-ai,deepseek-coder-1.3b-instruct,deepseek-ai/deepseek-coder-1.3b-instruct
deepseek-ai,deepseek-coder-33b-base,deepseek-ai/deepseek-coder-33b-base
deepseek-ai,deepseek-coder-33b-instruct,deepseek-ai/deepseek-coder-33b-instruct
deepseek-ai,deepseek-coder-5.7bmqa-base,deepseek-ai/deepseek-coder-5.7bmqa-base
deepseek-ai,deepseek-coder-6.7b-base,deepseek-ai/deepseek-coder-6.7b-base
deepseek-ai,deepseek-coder-6.7b-instruct,deepseek-ai/deepseek-coder-6.7b-instruct
deepseek-ai,deepseek-coder-7b-base-v1.5,deepseek-ai/deepseek-coder-7b-base-v1.5
deepseek-ai,deepseek-coder-7b-instruct-v1.5,deepseek-ai/deepseek-coder-7b-instruct-v1.5
deepseek-ai,deepseek-llm-67b-base,deepseek-ai/deepseek-llm-67b-base
deepseek-ai,deepseek-llm-67b-chat,deepseek-ai/deepseek-llm-67b-chat
deepseek-ai,deepseek-llm-7b-base,deepseek-ai/deepseek-llm-7b-base
deepseek-ai,deepseek-llm-7b-chat,deepseek-ai/deepseek-llm-7b-chat
deepseek-ai,deepseek-math-7b-base,deepseek-ai/deepseek-math-7b-base
deepseek-ai,deepseek-math-7b-instruct,deepseek-ai/deepseek-math-7b-instruct
deepseek-ai,deepseek-math-7b-rl,deepseek-ai/deepseek-math-7b-rl
deepseek-ai,deepseek-moe-16b-base,deepseek-ai/deepseek-moe-16b-base
deepseek-ai,deepseek-moe-16b-chat,deepseek-ai/deepseek-moe-16b-chat
deepseek-ai,deepseek-vl-1.3b-base,deepseek-ai/deepseek-vl-1.3b-base
deepseek-ai,deepseek-vl-1.3b-chat,deepseek-ai/deepseek-vl-1.3b-chat
deepseek-ai,deepseek-vl-7b-base,deepseek-ai/deepseek-vl-7b-base
deepseek-ai,deepseek-vl-7b-chat,deepseek-ai/deepseek-vl-7b-chat
deepseek-ai,deepseek-vl2,deepseek-ai/deepseek-vl2
deepseek-ai,deepseek-vl2-small,deepseek-ai/deepseek-vl2-small
deepseek-ai,deepseek-vl2-tiny,deepseek-ai/deepseek-vl2-tiny
google,codegemma-1.1-2b,google/codegemma-1.1-2b
google,codegemma-1.1-2b-pytorch,google/codegemma-1.1-2b-pytorch
google,codegemma-1.1-7b-it,google/codegemma-1.1-7b-it
google,codegemma-1.1-7b-it-pytorch,google/codegemma-1.1-7b-it-pytorch
google,codegemma-2b,google/codegemma-2b
google,codegemma-2b-pytorch,google/codegemma-2b-pytorch
google,codegemma-7b,google/codegemma-7b
google,codegemma-7b-it,google/codegemma-7b-it
google,codegemma-7b-it-pytorch,google/codegemma-7b-it-pytorch
google,codegemma-7b-pytorch,google/codegemma-7b-pytorch
google,gemma-1.1-2b-it,google/gemma-1.1-2b-it
google,gemma-1.1-2b-it-pytorch,google/gemma-1.1-2b-it-pytorch
google,gemma-1.1-2b-it-tflite,google/gemma-1.1-2b-it-tflite
google,gemma-1.1-7b-it,google/gemma-1.1-7b-it
google,gemma-1.1-7b-it-pytorch,google/gemma-1.1-7b-it-pytorch
google,gemma-2-27b,google/gemma-2-27b
google,gemma-2-27b-it,google/gemma-2-27b-it
google,gemma-2-27b-it-pytorch,google/gemma-2-27b-it-pytorch
google,gemma-2-27b-pytorch,google/gemma-2-27b-pytorch
google,gemma-2-2b,google/gemma-2-2b
google,gemma-2-2b-it,google/gemma-2-2b-it
google,gemma-2-2b-it-pytorch,google/gemma-2-2b-it-pytorch
google,gemma-2-2b-jpn-it,google/gemma-2-2b-jpn-it
google,gemma-2-2b-jpn-it-flax,google/gemma-2-2b-jpn-it-flax
google,gemma-2-2b-jpn-it-pytorch,google/gemma-2-2b-jpn-it-pytorch
google,gemma-2-2b-pytorch,google/gemma-2-2b-pytorch
google,gemma-2-9b,google/gemma-2-9b
google,gemma-2-9b-it,google/gemma-2-9b-it
google,gemma-2-9b-it-pytorch,google/gemma-2-9b-it-pytorch
google,gemma-2-9b-pytorch,google/gemma-2-9b-pytorch
google,gemma-2b,google/gemma-2b
google,gemma-2b-aps-it,google/gemma-2b-aps-it
google,gemma-2b-flax,google/gemma-2b-flax
google,gemma-2b-it,google/gemma-2b-it
google,gemma-2b-it-flax,google/gemma-2b-it-flax
google,gemma-2b-it-pytorch,google/gemma-2b-it-pytorch
google,gemma-2b-it-tflite,google/gemma-2b-it-tflite
google,gemma-2b-pytorch,google/gemma-2b-pytorch
google,gemma-3-12b-it,google/gemma-3-12b-it
google,gemma-3-12b-pt,google/gemma-3-12b-pt
google,gemma-3-1b-it,google/gemma-3-1b-it
google,gemma-3-1b-pt,google/gemma-3-1b-pt
google,gemma-3-270m,google/gemma-3-270m
google,gemma-3-270m-it,google/gemma-3-270m-it
google,gemma-3-27b-it,google/gemma-3-27b-it
google,gemma-3-27b-pt,google/gemma-3-27b-pt
google,gemma-3-4b-it,google/gemma-3-4b-it
google,gemma-3-4b-pt,google/gemma-3-4b-pt
google,gemma-3n-E2B,google/gemma-3n-E2B
google,gemma-3n-E2B-it,google/gemma-3n-E2B-it
google,gemma-3n-E2B-it-litert-lm-preview,google/gemma-3n-E2B-it-litert-lm-preview
google,gemma-3n-E2B-it-litert-preview,google/gemma-3n-E2B-it-litert-preview
google,gemma-3n-E4B,google/gemma-3n-E4B
google,gemma-3n-E4B-it,google/gemma-3n-E4B-it
google,gemma-3n-E4B-it-litert-lm-preview,google/gemma-3n-E4B-it-litert-lm-preview
google,gemma-3n-E4B-it-litert-preview,google/gemma-3n-E4B-it-litert-preview
google,gemma-7b,google/gemma-7b
google,gemma-7b-aps-it,google/gemma-7b-aps-it
google,gemma-7b-flax,google/gemma-7b-flax
google,gemma-7b-it,google/gemma-7b-it
google,gemma-7b-it-flax,google/gemma-7b-it-flax
google,gemma-7b-it-pytorch,google/gemma-7b-it-pytorch
google,gemma-7b-pytorch,google/gemma-7b-pytorch
google,vaultgemma-1b,google/vaultgemma-1b
ibm-granite,granite-20b-code-base-8k,ibm-granite/granite-20b-code-base-8k
ibm-granite,granite-20b-code-base-r1.1,ibm-granite/granite-20b-code-base-r1.1
ibm-granite,granite-20b-code-instruct-8k,ibm-granite/granite-20b-code-instruct-8k
ibm-granite,granite-20b-code-instruct-r1.1,ibm-granite/granite-20b-code-instruct-r1.1
ibm-granite,granite-20b-functioncalling,ibm-granite/granite-20b-functioncalling
ibm-granite,granite-3.0-1b-a400m-base,ibm-granite/granite-3.0-1b-a400m-base
ibm-granite,granite-3.0-1b-a400m-instruct,ibm-granite/granite-3.0-1b-a400m-instruct
ibm-granite,granite-3.0-2b-base,ibm-granite/granite-3.0-2b-base
ibm-granite,granite-3.0-2b-instruct,ibm-granite/granite-3.0-2b-instruct
ibm-granite,granite-3.0-3b-a800m-base,ibm-granite/granite-3.0-3b-a800m-base
ibm-granite,granite-3.0-8b-base,ibm-granite/granite-3.0-8b-base
ibm-granite,granite-3.0-8b-instruct,ibm-granite/granite-3.0-8b-instruct
ibm-granite,granite-3.1-1b-a400m-base,ibm-granite/granite-3.1-1b-a400m-base
ibm-granite,granite-3.1-1b-a400m-instruct,ibm-granite/granite-3.1-1b-a400m-instruct
ibm-granite,granite-3.1-2b-base,ibm-granite/granite-3.1-2b-base
ibm-granite,granite-3.1-2b-instruct,ibm-granite/granite-3.1-2b-instruct
ibm-granite,granite-3.1-3b-a800m-base,ibm-granite/granite-3.1-3b-a800m-base
ibm-granite,granite-3.1-3b-a800m-instruct,ibm-granite/granite-3.1-3b-a800m-instruct
ibm-granite,granite-3.1-8b-base,ibm-granite/granite-3.1-8b-base
ibm-granite,granite-3.1-8b-instruct,ibm-granite/granite-3.1-8b-instruct
ibm-granite,granite-3.2-2b-instruct,ibm-granite/granite-3.2-2b-instruct
ibm-granite,granite-3.2-8b-instruct,ibm-granite/granite-3.2-8b-instruct
ibm-granite,granite-3.2-8b-instruct-preview,ibm-granite/granite-3.2-8b-instruct-preview
ibm-granite,granite-3.3-2b-base,ibm-granite/granite-3.3-2b-base
ibm-granite,granite-3.3-2b-instruct,ibm-granite/granite-3.3-2b-instruct
ibm-granite,granite-3.3-8b-base,ibm-granite/granite-3.3-8b-base
ibm-granite,granite-3.3-8b-instruct,ibm-granite/granite-3.3-8b-instruct
ibm-granite,granite-3.3-8b-rag-agent-lib,ibm-granite/granite-3.3-8b-rag-agent-lib
ibm-granite,granite-34b-code-base-8k,ibm-granite/granite-34b-code-base-8k
ibm-granite,granite-34b-code-instruct-8k,ibm-granite/granite-34b-code-instruct-8k
ibm-granite,granite-3b-code-base-128k,ibm-granite/granite-3b-code-base-128k
ibm-granite,granite-3b-code-base-2k,ibm-granite/granite-3b-code-base-2k
ibm-granite,granite-3b-code-instruct-128k,ibm-granite/granite-3b-code-instruct-128k
ibm-granite,granite-3b-code-instruct-2k,ibm-granite/granite-3b-code-instruct-2k
ibm-granite,granite-4.0-tiny-base-preview,ibm-granite/granite-4.0-tiny-base-preview
ibm-granite,granite-4.0-tiny-preview,ibm-granite/granite-4.0-tiny-preview
ibm-granite,granite-7b-base,ibm-granite/granite-7b-base
ibm-granite,granite-7b-instruct,ibm-granite/granite-7b-instruct
ibm-granite,granite-8b-code-base-128k,ibm-granite/granite-8b-code-base-128k
ibm-granite,granite-8b-code-base-4k,ibm-granite/granite-8b-code-base-4k
ibm-granite,granite-8b-code-instruct-128k,ibm-granite/granite-8b-code-instruct-128k
ibm-granite,granite-8b-code-instruct-4k,ibm-granite/granite-8b-code-instruct-4k
ibm-granite,granite-embedding-107m-multilingual,ibm-granite/granite-embedding-107m-multilingual
ibm-granite,granite-embedding-278m-multilingual,ibm-granite/granite-embedding-278m-multilingual
ibm-granite,granite-guardian-3.1-2b,ibm-granite/granite-guardian-3.1-2b
ibm-granite,granite-guardian-3.1-8b,ibm-granite/granite-guardian-3.1-8b
ibm-granite,granite-guardian-hap-125m,ibm-granite/granite-guardian-hap-125m
ibm-granite,granite-guardian-hap-38m,ibm-granite/granite-guardian-hap-38m
ibm-granite,granite-speech-3.2-8b,ibm-granite/granite-speech-3.2-8b
ibm-granite,granite-speech-3.3-2b,ibm-granite/granite-speech-3.3-2b
ibm-granite,granite-vision-3.1-2b-preview,ibm-granite/granite-vision-3.1-2b-preview
ibm-granite,granite-vision-3.2-2b,ibm-granite/granite-vision-3.2-2b
ibm-granite,granite-vision-3.3-2b,ibm-granite/granite-vision-3.3-2b
inclusionAI,AReaL-1.5B-Preview-Stage-1,inclusionAI/AReaL-1.5B-Preview-Stage-1
inclusionAI,AReaL-1.5B-Preview-Stage-2,inclusionAI/AReaL-1.5B-Preview-Stage-2
inclusionAI,AReaL-1.5B-Preview-Stage-3,inclusionAI/AReaL-1.5B-Preview-Stage-3
inclusionAI,AReaL-boba-2-14B,inclusionAI/AReaL-boba-2-14B
inclusionAI,AReaL-boba-2-14B-Open,inclusionAI/AReaL-boba-2-14B-Open
inclusionAI,AReaL-boba-2-32B,inclusionAI/AReaL-boba-2-32B
inclusionAI,AReaL-boba-2-8B,inclusionAI/AReaL-boba-2-8B
inclusionAI,AReaL-boba-2-8B-Open,inclusionAI/AReaL-boba-2-8B-Open
inclusionAI,AReaL-boba-RL-7B,inclusionAI/AReaL-boba-RL-7B
inclusionAI,AReaL-boba-SFT-32B,inclusionAI/AReaL-boba-SFT-32B
inclusionAI,ASearcher-Local-14B,inclusionAI/ASearcher-Local-14B
inclusionAI,ASearcher-Local-7B,inclusionAI/ASearcher-Local-7B
inclusionAI,ASearcher-Web-14B,inclusionAI/ASearcher-Web-14B
inclusionAI,ASearcher-Web-7B,inclusionAI/ASearcher-Web-7B
inclusionAI,GroveMoE-Base,inclusionAI/GroveMoE-Base
inclusionAI,GroveMoE-Inst,inclusionAI/GroveMoE-Inst
inclusionAI,LLaDA-MoE-7B-A1B-Base,inclusionAI/LLaDA-MoE-7B-A1B-Base
inclusionAI,LLaDA-MoE-7B-A1B-Instruct,inclusionAI/LLaDA-MoE-7B-A1B-Instruct
inclusionAI,Ling-Coder-lite,inclusionAI/Ling-Coder-lite
inclusionAI,Ling-Coder-lite-base,inclusionAI/Ling-Coder-lite-base
inclusionAI,Ling-flash-2.0,inclusionAI/Ling-flash-2.0
inclusionAI,Ling-flash-2.0-GGUF,inclusionAI/Ling-flash-2.0-GGUF
inclusionAI,Ling-flash-base-2.0,inclusionAI/Ling-flash-base-2.0
inclusionAI,Ling-lite,inclusionAI/Ling-lite
inclusionAI,Ling-lite-1.5,inclusionAI/Ling-lite-1.5
inclusionAI,Ling-lite-1.5-2506,inclusionAI/Ling-lite-1.5-2506
inclusionAI,Ling-lite-1.5-2507,inclusionAI/Ling-lite-1.5-2507
inclusionAI,Ling-lite-base,inclusionAI/Ling-lite-base
inclusionAI,Ling-lite-base-1.5,inclusionAI/Ling-lite-base-1.5
inclusionAI,Ling-mini-2.0,inclusionAI/Ling-mini-2.0
inclusionAI,Ling-mini-base-2.0,inclusionAI/Ling-mini-base-2.0
inclusionAI,Ling-mini-base-2.0-10T,inclusionAI/Ling-mini-base-2.0-10T
inclusionAI,Ling-mini-base-2.0-15T,inclusionAI/Ling-mini-base-2.0-15T
inclusionAI,Ling-mini-base-2.0-20T,inclusionAI/Ling-mini-base-2.0-20T
inclusionAI,Ling-mini-base-2.0-5T,inclusionAI/Ling-mini-base-2.0-5T
inclusionAI,Ling-plus,inclusionAI/Ling-plus
inclusionAI,Ling-plus-base,inclusionAI/Ling-plus-base
inclusionAI,M2-Reasoning,inclusionAI/M2-Reasoning
inclusionAI,Ming-Lite-Omni,inclusionAI/Ming-Lite-Omni
inclusionAI,Ming-Lite-Omni-1.5,inclusionAI/Ming-Lite-Omni-1.5
inclusionAI,Ming-Lite-Uni,inclusionAI/Ming-Lite-Uni
inclusionAI,Ring-flash-2.0,inclusionAI/Ring-flash-2.0
inclusionAI,Ring-flash-linear-2.0,inclusionAI/Ring-flash-linear-2.0
inclusionAI,Ring-lite,inclusionAI/Ring-lite
inclusionAI,Ring-lite-2506,inclusionAI/Ring-lite-2506
inclusionAI,Ring-lite-2507,inclusionAI/Ring-lite-2507
inclusionAI,Ring-lite-distill-preview,inclusionAI/Ring-lite-distill-preview
inclusionAI,Ring-lite-linear-preview,inclusionAI/Ring-lite-linear-preview
inclusionAI,Ring-mini-2.0,inclusionAI/Ring-mini-2.0
inclusionAI,Ring-mini-2.0-GGUF,inclusionAI/Ring-mini-2.0-GGUF
inclusionAI,Ring-mini-linear-2.0,inclusionAI/Ring-mini-linear-2.0
inclusionAI,Rubicon-Preview,inclusionAI/Rubicon-Preview
inclusionAI,ViLaSR,inclusionAI/ViLaSR
internlm,Agent-FLAN-7b,internlm/Agent-FLAN-7b
internlm,AlchemistCoder-CL-7B,internlm/AlchemistCoder-CL-7B
internlm,AlchemistCoder-DS-6.7B,internlm/AlchemistCoder-DS-6.7B
internlm,AlchemistCoder-L-7B,internlm/AlchemistCoder-L-7B
internlm,Intern-S1,internlm/Intern-S1
internlm,Intern-S1-mini,internlm/Intern-S1-mini
internlm,OREAL-32B,internlm/OREAL-32B
internlm,OREAL-32B-SFT,internlm/OREAL-32B-SFT
internlm,OREAL-7B,internlm/OREAL-7B
internlm,OREAL-7B-SFT,internlm/OREAL-7B-SFT
internlm,OREAL-DeepSeek-R1-Distill-Qwen-7B,internlm/OREAL-DeepSeek-R1-Distill-Qwen-7B
internlm,POLAR-1_8B,internlm/POLAR-1_8B
internlm,POLAR-1_8B-Base,internlm/POLAR-1_8B-Base
internlm,POLAR-7B,internlm/POLAR-7B
internlm,POLAR-7B-Base,internlm/POLAR-7B-Base
internlm,SWE-Fixer-Editor-72B,internlm/SWE-Fixer-Editor-72B
internlm,SWE-Fixer-Retriever-7B,internlm/SWE-Fixer-Retriever-7B
internlm,internlm-20b,internlm/internlm-20b
internlm,internlm-7b,internlm/internlm-7b
internlm,internlm-chat-20b,internlm/internlm-chat-20b
internlm,internlm-chat-7b,internlm/internlm-chat-7b
internlm,internlm-xcomposer-7b,internlm/internlm-xcomposer-7b
internlm,internlm-xcomposer-vl-7b,internlm/internlm-xcomposer-vl-7b
internlm,internlm-xcomposer2-4khd-7b,internlm/internlm-xcomposer2-4khd-7b
internlm,internlm-xcomposer2-7b,internlm/internlm-xcomposer2-7b
internlm,internlm-xcomposer2-vl-1_8b,internlm/internlm-xcomposer2-vl-1_8b
internlm,internlm-xcomposer2-vl-7b,internlm/internlm-xcomposer2-vl-7b
internlm,internlm-xcomposer2d5-7b,internlm/internlm-xcomposer2d5-7b
internlm,internlm-xcomposer2d5-7b-chat,internlm/internlm-xcomposer2d5-7b-chat
internlm,internlm-xcomposer2d5-clip,internlm/internlm-xcomposer2d5-clip
internlm,internlm-xcomposer2d5-ol-7b,internlm/internlm-xcomposer2d5-ol-7b
internlm,internlm2-1_8b,internlm/internlm2-1_8b
internlm,internlm2-1_8b-reward,internlm/internlm2-1_8b-reward
internlm,internlm2-20b,internlm/internlm2-20b
internlm,internlm2-20b-reward,internlm/internlm2-20b-reward
internlm,internlm2-7b,internlm/internlm2-7b
internlm,internlm2-7b-reward,internlm/internlm2-7b-reward
internlm,internlm2-base-20b,internlm/internlm2-base-20b
internlm,internlm2-base-7b,internlm/internlm2-base-7b
internlm,internlm2-chat-1_8b,internlm/internlm2-chat-1_8b
internlm,internlm2-chat-1_8b-sft,internlm/internlm2-chat-1_8b-sft
internlm,internlm2-chat-20b,internlm/internlm2-chat-20b
internlm,internlm2-chat-20b-sft,internlm/internlm2-chat-20b-sft
internlm,internlm2-chat-7b,internlm/internlm2-chat-7b
internlm,internlm2-chat-7b-sft,internlm/internlm2-chat-7b-sft
internlm,internlm2-math-20b,internlm/internlm2-math-20b
internlm,internlm2-math-7b,internlm/internlm2-math-7b
internlm,internlm2-math-base-20b,internlm/internlm2-math-base-20b
internlm,internlm2-math-base-7b,internlm/internlm2-math-base-7b
internlm,internlm2-math-plus-1_8b,internlm/internlm2-math-plus-1_8b
internlm,internlm2-math-plus-20b,internlm/internlm2-math-plus-20b
internlm,internlm2-math-plus-7b,internlm/internlm2-math-plus-7b
internlm,internlm2-math-plus-mixtral8x22b,internlm/internlm2-math-plus-mixtral8x22b
internlm,internlm2-step-prover,internlm/internlm2-step-prover
internlm,internlm2-wqx-20b,internlm/internlm2-wqx-20b
internlm,internlm2-wqx-vl-20b,internlm/internlm2-wqx-vl-20b
internlm,internlm2-wqx-vl-clip,internlm/internlm2-wqx-vl-clip
internlm,internlm2_5-1_8b,internlm/internlm2_5-1_8b
internlm,internlm2_5-1_8b-chat,internlm/internlm2_5-1_8b-chat
internlm,internlm2_5-20b,internlm/internlm2_5-20b
internlm,internlm2_5-20b-chat,internlm/internlm2_5-20b-chat
internlm,internlm2_5-7b,internlm/internlm2_5-7b
internlm,internlm2_5-7b-chat,internlm/internlm2_5-7b-chat
internlm,internlm2_5-7b-chat-1m,internlm/internlm2_5-7b-chat-1m
internlm,internlm2_5-step-prover,internlm/internlm2_5-step-prover
internlm,internlm3-8b-instruct,internlm/internlm3-8b-instruct
meta-llama,CodeLlama-13b-Instruct-hf,meta-llama/CodeLlama-13b-Instruct-hf
meta-llama,CodeLlama-13b-Python-hf,meta-llama/CodeLlama-13b-Python-hf
meta-llama,CodeLlama-13b-hf,meta-llama/CodeLlama-13b-hf
meta-llama,CodeLlama-34b-Instruct-hf,meta-llama/CodeLlama-34b-Instruct-hf
meta-llama,CodeLlama-34b-Python-hf,meta-llama/CodeLlama-34b-Python-hf
meta-llama,CodeLlama-34b-hf,meta-llama/CodeLlama-34b-hf
meta-llama,CodeLlama-70b-Instruct-hf,meta-llama/CodeLlama-70b-Instruct-hf
meta-llama,CodeLlama-70b-Python-hf,meta-llama/CodeLlama-70b-Python-hf
meta-llama,CodeLlama-70b-hf,meta-llama/CodeLlama-70b-hf
meta-llama,CodeLlama-7b-Instruct-hf,meta-llama/CodeLlama-7b-Instruct-hf
meta-llama,CodeLlama-7b-Python-hf,meta-llama/CodeLlama-7b-Python-hf
meta-llama,CodeLlama-7b-hf,meta-llama/CodeLlama-7b-hf
meta-llama,Llama-2-13b,meta-llama/Llama-2-13b
meta-llama,Llama-2-13b-chat,meta-llama/Llama-2-13b-chat
meta-llama,Llama-2-13b-chat-hf,meta-llama/Llama-2-13b-chat-hf
meta-llama,Llama-2-13b-hf,meta-llama/Llama-2-13b-hf
meta-llama,Llama-2-70b,meta-llama/Llama-2-70b
meta-llama,Llama-2-70b-chat,meta-llama/Llama-2-70b-chat
meta-llama,Llama-2-70b-chat-hf,meta-llama/Llama-2-70b-chat-hf
meta-llama,Llama-2-70b-hf,meta-llama/Llama-2-70b-hf
meta-llama,Llama-2-7b,meta-llama/Llama-2-7b
meta-llama,Llama-2-7b-chat,meta-llama/Llama-2-7b-chat
meta-llama,Llama-2-7b-chat-hf,meta-llama/Llama-2-7b-chat-hf
meta-llama,Llama-2-7b-hf,meta-llama/Llama-2-7b-hf
meta-llama,Llama-3.1-405B,meta-llama/Llama-3.1-405B
meta-llama,Llama-3.1-405B-Instruct,meta-llama/Llama-3.1-405B-Instruct
meta-llama,Llama-3.1-70B,meta-llama/Llama-3.1-70B
meta-llama,Llama-3.1-70B-Instruct,meta-llama/Llama-3.1-70B-Instruct
meta-llama,Llama-3.1-8B,meta-llama/Llama-3.1-8B
meta-llama,Llama-3.1-8B-Instruct,meta-llama/Llama-3.1-8B-Instruct
meta-llama,Llama-3.2-11B-Vision,meta-llama/Llama-3.2-11B-Vision
meta-llama,Llama-3.2-11B-Vision-Instruct,meta-llama/Llama-3.2-11B-Vision-Instruct
meta-llama,Llama-3.2-1B,meta-llama/Llama-3.2-1B
meta-llama,Llama-3.2-1B-Instruct,meta-llama/Llama-3.2-1B-Instruct
meta-llama,Llama-3.2-3B,meta-llama/Llama-3.2-3B
meta-llama,Llama-3.2-3B-Instruct,meta-llama/Llama-3.2-3B-Instruct
meta-llama,Llama-3.2-90B-Vision,meta-llama/Llama-3.2-90B-Vision
meta-llama,Llama-3.2-90B-Vision-Instruct,meta-llama/Llama-3.2-90B-Vision-Instruct
meta-llama,Llama-3.3-70B-Instruct,meta-llama/Llama-3.3-70B-Instruct
meta-llama,Llama-4-Maverick-17B-128E,meta-llama/Llama-4-Maverick-17B-128E
meta-llama,Llama-4-Maverick-17B-128E-Instruct,meta-llama/Llama-4-Maverick-17B-128E-Instruct
meta-llama,Llama-4-Maverick-17B-128E-Instruct-Original,meta-llama/Llama-4-Maverick-17B-128E-Instruct-Original
meta-llama,Llama-4-Maverick-17B-128E-Original,meta-llama/Llama-4-Maverick-17B-128E-Original
meta-llama,Llama-4-Scout-17B-16E,meta-llama/Llama-4-Scout-17B-16E
meta-llama,Llama-4-Scout-17B-16E-Instruct,meta-llama/Llama-4-Scout-17B-16E-Instruct
meta-llama,Llama-4-Scout-17B-16E-Instruct-Original,meta-llama/Llama-4-Scout-17B-16E-Instruct-Original
meta-llama,Llama-4-Scout-17B-16E-Original,meta-llama/Llama-4-Scout-17B-16E-Original
meta-llama,Meta-Llama-3-70B,meta-llama/Meta-Llama-3-70B
meta-llama,Meta-Llama-3-70B-Instruct,meta-llama/Meta-Llama-3-70B-Instruct
meta-llama,Meta-Llama-3-8B,meta-llama/Meta-Llama-3-8B
meta-llama,Meta-Llama-3-8B-Instruct,meta-llama/Meta-Llama-3-8B-Instruct
microsoft,Phi-3-medium-128k-instruct,microsoft/Phi-3-medium-128k-instruct
microsoft,Phi-3-medium-4k-instruct,microsoft/Phi-3-medium-4k-instruct
microsoft,Phi-3-mini-128k-instruct,microsoft/Phi-3-mini-128k-instruct
microsoft,Phi-3-mini-4k-instruct,microsoft/Phi-3-mini-4k-instruct
microsoft,Phi-3-small-128k-instruct,microsoft/Phi-3-small-128k-instruct
microsoft,Phi-3-small-8k-instruct,microsoft/Phi-3-small-8k-instruct
microsoft,Phi-3-vision-128k-instruct,microsoft/Phi-3-vision-128k-instruct
microsoft,Phi-3.5-MoE-instruct,microsoft/Phi-3.5-MoE-instruct
microsoft,Phi-3.5-mini-instruct,microsoft/Phi-3.5-mini-instruct
microsoft,Phi-3.5-vision-instruct,microsoft/Phi-3.5-vision-instruct
microsoft,Phi-4-mini-instruct,microsoft/Phi-4-mini-instruct
microsoft,Phi-4-mini-reasoning,microsoft/Phi-4-mini-reasoning
microsoft,Phi-4-multimodal-instruct,microsoft/Phi-4-multimodal-instruct
microsoft,Phi-4-reasoning,microsoft/Phi-4-reasoning
microsoft,Phi-4-reasoning-plus,microsoft/Phi-4-reasoning-plus
microsoft,Phi-mini-MoE-instruct,microsoft/Phi-mini-MoE-instruct
microsoft,Phi-tiny-MoE-instruct,microsoft/Phi-tiny-MoE-instruct
microsoft,phi-1,microsoft/phi-1
microsoft,phi-1_5,microsoft/phi-1_5
microsoft,phi-2,microsoft/phi-2
microsoft,phi-2-pytdml,microsoft/phi-2-pytdml
microsoft,phi-4,microsoft/phi-4
mistral-community,Codestral-22B-v0.1,mistral-community/Codestral-22B-v0.1
mistral-community,Mistral-7B-Instruct-v0.3,mistral-community/Mistral-7B-Instruct-v0.3
mistral-community,Mistral-7B-v0.2,mistral-community/Mistral-7B-v0.2
mistral-community,Mixtral-8x22B-v0.1,mistral-community/Mixtral-8x22B-v0.1
mistral-community,Mixtral-8x22B-v0.1-original,mistral-community/Mixtral-8x22B-v0.1-original
mistral-community,Pixtral-Large-Instruct-2411,mistral-community/Pixtral-Large-Instruct-2411
mistral-community,mixtral-8x22B-Instruct-v0.3-original,mistral-community/mixtral-8x22B-Instruct-v0.3-original
mistral-community,mixtral-8x22B-v0.3,mistral-community/mixtral-8x22B-v0.3
mistral-community,mixtral-8x22B-v0.3-original,mistral-community/mixtral-8x22B-v0.3-original
mistral-community,pixtral-12b,mistral-community/pixtral-12b
mistral-community,pixtral-12b-240910,mistral-community/pixtral-12b-240910
mistralai,Codestral-22B-v0.1,mistralai/Codestral-22B-v0.1
mistralai,Devstral-Small-2505,mistralai/Devstral-Small-2505
mistralai,Magistral-Small-2506,mistralai/Magistral-Small-2506
mistralai,Magistral-Small-2507,mistralai/Magistral-Small-2507
mistralai,Magistral-Small-2509,mistralai/Magistral-Small-2509
mistralai,Mamba-Codestral-7B-v0.1,mistralai/Mamba-Codestral-7B-v0.1
mistralai,Mathstral-7B-v0.1,mistralai/Mathstral-7B-v0.1
mistralai,Ministral-8B-Instruct-2410,mistralai/Ministral-8B-Instruct-2410
mistralai,Mistral-7B-Instruct-v0.1,mistralai/Mistral-7B-Instruct-v0.1
mistralai,Mistral-7B-Instruct-v0.2,mistralai/Mistral-7B-Instruct-v0.2
mistralai,Mistral-7B-Instruct-v0.3,mistralai/Mistral-7B-Instruct-v0.3
mistralai,Mistral-7B-v0.1,mistralai/Mistral-7B-v0.1
mistralai,Mistral-7B-v0.3,mistralai/Mistral-7B-v0.3
mistralai,Mistral-Large-Instruct-2407,mistralai/Mistral-Large-Instruct-2407
mistralai,Mistral-Large-Instruct-2411,mistralai/Mistral-Large-Instruct-2411
mistralai,Mistral-Nemo-Base-2407,mistralai/Mistral-Nemo-Base-2407
mistralai,Mistral-Nemo-Instruct-2407,mistralai/Mistral-Nemo-Instruct-2407
mistralai,Mistral-Small-24B-Base-2501,mistralai/Mistral-Small-24B-Base-2501
mistralai,Mistral-Small-24B-Instruct-2501,mistralai/Mistral-Small-24B-Instruct-2501
mistralai,Mistral-Small-3.1-24B-Base-2503,mistralai/Mistral-Small-3.1-24B-Base-2503
mistralai,Mistral-Small-3.1-24B-Instruct-2503,mistralai/Mistral-Small-3.1-24B-Instruct-2503
mistralai,Mistral-Small-3.2-24B-Instruct-2506,mistralai/Mistral-Small-3.2-24B-Instruct-2506
mistralai,Mistral-Small-Instruct-2409,mistralai/Mistral-Small-Instruct-2409
mistralai,Mixtral-8x22B-Instruct-v0.1,mistralai/Mixtral-8x22B-Instruct-v0.1
mistralai,Mixtral-8x22B-v0.1,mistralai/Mixtral-8x22B-v0.1
mistralai,Mixtral-8x7B-Instruct-v0.1,mistralai/Mixtral-8x7B-Instruct-v0.1
mistralai,Mixtral-8x7B-v0.1,mistralai/Mixtral-8x7B-v0.1
mistralai,Pixtral-12B-2409,mistralai/Pixtral-12B-2409
mistralai,Pixtral-12B-Base-2409,mistralai/Pixtral-12B-Base-2409
mistralai,Pixtral-Large-Instruct-2411,mistralai/Pixtral-Large-Instruct-2411
moonshotai,Kimi-Audio-7B-Instruct,moonshotai/Kimi-Audio-7B-Instruct
moonshotai,Kimi-K2-Base,moonshotai/Kimi-K2-Base
moonshotai,Kimi-K2-Instruct,moonshotai/Kimi-K2-Instruct
moonshotai,Kimi-K2-Instruct-0905,moonshotai/Kimi-K2-Instruct-0905
moonshotai,Kimi-VL-A3B-Instruct,moonshotai/Kimi-VL-A3B-Instruct
moonshotai,Kimi-VL-A3B-Thinking,moonshotai/Kimi-VL-A3B-Thinking
moonshotai,Kimi-VL-A3B-Thinking-2506,moonshotai/Kimi-VL-A3B-Thinking-2506
moonshotai,Moonlight-16B-A3B,moonshotai/Moonlight-16B-A3B
moonshotai,Moonlight-16B-A3B-Instruct,moonshotai/Moonlight-16B-A3B-Instruct
nvidia,AceInstruct-1.5B,nvidia/AceInstruct-1.5B
nvidia,AceInstruct-72B,nvidia/AceInstruct-72B
nvidia,AceInstruct-7B,nvidia/AceInstruct-7B
nvidia,AceMath-72B-Instruct,nvidia/AceMath-72B-Instruct
nvidia,AceMath-RL-Nemotron-7B,nvidia/AceMath-RL-Nemotron-7B
nvidia,AceReason-Nemotron-1.1-7B,nvidia/AceReason-Nemotron-1.1-7B
nvidia,Cosmos-Transfer1-7B-4KUpscaler,nvidia/Cosmos-Transfer1-7B-4KUpscaler
nvidia,Eagle-2.5-8B,nvidia/Eagle-2.5-8B
nvidia,Eagle2-2B,nvidia/Eagle2-2B
nvidia,Eagle2-9B,nvidia/Eagle2-9B
nvidia,Hymba-1.5B-Base,nvidia/Hymba-1.5B-Base
nvidia,Hymba-1.5B-Instruct,nvidia/Hymba-1.5B-Instruct
nvidia,Llama-3.1-Minitron-4B-Depth-Base,nvidia/Llama-3.1-Minitron-4B-Depth-Base
nvidia,Llama-3.1-Minitron-4B-Width-Base,nvidia/Llama-3.1-Minitron-4B-Width-Base
nvidia,Llama-3.1-Nemotron-70B-Instruct,nvidia/Llama-3.1-Nemotron-70B-Instruct
nvidia,Llama-3.1-Nemotron-70B-Instruct-HF,nvidia/Llama-3.1-Nemotron-70B-Instruct-HF
nvidia,Llama-3.1-Nemotron-8B-UltraLong-1M-Instruct,nvidia/Llama-3.1-Nemotron-8B-UltraLong-1M-Instruct
nvidia,Llama-3.1-Nemotron-8B-UltraLong-2M-Instruct,nvidia/Llama-3.1-Nemotron-8B-UltraLong-2M-Instruct
nvidia,Llama-3.1-Nemotron-8B-UltraLong-4M-Instruct,nvidia/Llama-3.1-Nemotron-8B-UltraLong-4M-Instruct
nvidia,Llama-3.1-Nemotron-Nano-4B-v1.1,nvidia/Llama-3.1-Nemotron-Nano-4B-v1.1
nvidia,Llama-3.1-Nemotron-Nano-8B-v1,nvidia/Llama-3.1-Nemotron-Nano-8B-v1
nvidia,Llama-3.1-Nemotron-Nano-VL-8B-V1,nvidia/Llama-3.1-Nemotron-Nano-VL-8B-V1
nvidia,Llama-3_1-Nemotron-51B-Instruct,nvidia/Llama-3_1-Nemotron-51B-Instruct
nvidia,Llama-3_1-Nemotron-Ultra-253B-CPT-v1,nvidia/Llama-3_1-Nemotron-Ultra-253B-CPT-v1
nvidia,Llama-3_1-Nemotron-Ultra-253B-v1,nvidia/Llama-3_1-Nemotron-Ultra-253B-v1
nvidia,Llama-3_1-Nemotron-Ultra-253B-v1-FP8,nvidia/Llama-3_1-Nemotron-Ultra-253B-v1-FP8
nvidia,Llama-3_3-Nemotron-Super-49B-GenRM,nvidia/Llama-3_3-Nemotron-Super-49B-GenRM
nvidia,Llama-3_3-Nemotron-Super-49B-v1,nvidia/Llama-3_3-Nemotron-Super-49B-v1
nvidia,Llama-3_3-Nemotron-Super-49B-v1-FP8,nvidia/Llama-3_3-Nemotron-Super-49B-v1-FP8
nvidia,Llama-3_3-Nemotron-Super-49B-v1_5,nvidia/Llama-3_3-Nemotron-Super-49B-v1_5
nvidia,Llama-4-Maverick-17B-128E-Eagle3,nvidia/Llama-4-Maverick-17B-128E-Eagle3
nvidia,Llama-4-Maverick-17B-128E-Instruct-FP8,nvidia/Llama-4-Maverick-17B-128E-Instruct-FP8
nvidia,Llama-4-Scout-17B-16E-Instruct-FP8,nvidia/Llama-4-Scout-17B-16E-Instruct-FP8
nvidia,Llama3-ChatQA-2-70B,nvidia/Llama3-ChatQA-2-70B
nvidia,Llama3-ChatQA-2-8B,nvidia/Llama3-ChatQA-2-8B
nvidia,MambaVision-B-1K,nvidia/MambaVision-B-1K
nvidia,MambaVision-B-21K,nvidia/MambaVision-B-21K
nvidia,MambaVision-L-1K,nvidia/MambaVision-L-1K
nvidia,MambaVision-L-21K,nvidia/MambaVision-L-21K
nvidia,MambaVision-L2-1K,nvidia/MambaVision-L2-1K
nvidia,MambaVision-L2-512-21K,nvidia/MambaVision-L2-512-21K
nvidia,MambaVision-L3-256-21K,nvidia/MambaVision-L3-256-21K
nvidia,MambaVision-L3-512-21K,nvidia/MambaVision-L3-512-21K
nvidia,MambaVision-S-1K,nvidia/MambaVision-S-1K
nvidia,MambaVision-T-1K,nvidia/MambaVision-T-1K
nvidia,MambaVision-T2-1K,nvidia/MambaVision-T2-1K
nvidia,Minitron-4B-Base,nvidia/Minitron-4B-Base
nvidia,Minitron-8B-Base,nvidia/Minitron-8B-Base
nvidia,Mistral-NeMo-12B-Base,nvidia/Mistral-NeMo-12B-Base
nvidia,Mistral-NeMo-12B-Instruct,nvidia/Mistral-NeMo-12B-Instruct
nvidia,Mistral-NeMo-Minitron-8B-Base,nvidia/Mistral-NeMo-Minitron-8B-Base
nvidia,Mistral-NeMo-Minitron-8B-Instruct,nvidia/Mistral-NeMo-Minitron-8B-Instruct
nvidia,NVIDIA-Nemotron-Nano-12B-v2,nvidia/NVIDIA-Nemotron-Nano-12B-v2
nvidia,NVIDIA-Nemotron-Nano-12B-v2-Base,nvidia/NVIDIA-Nemotron-Nano-12B-v2-Base
nvidia,NVIDIA-Nemotron-Nano-9B-v2,nvidia/NVIDIA-Nemotron-Nano-9B-v2
nvidia,NVIDIA-Nemotron-Nano-9B-v2-Base,nvidia/NVIDIA-Nemotron-Nano-9B-v2-Base
nvidia,Nemotron-4-340B-Base,nvidia/Nemotron-4-340B-Base
nvidia,Nemotron-4-340B-Instruct,nvidia/Nemotron-4-340B-Instruct
nvidia,Nemotron-4-Mini-Hindi-4B-Base,nvidia/Nemotron-4-Mini-Hindi-4B-Base
nvidia,Nemotron-4-Mini-Hindi-4B-Instruct,nvidia/Nemotron-4-Mini-Hindi-4B-Instruct
nvidia,Nemotron-H-47B-Base-8K,nvidia/Nemotron-H-47B-Base-8K
nvidia,Nemotron-H-47B-Reasoning-128K,nvidia/Nemotron-H-47B-Reasoning-128K
nvidia,Nemotron-H-56B-Base-8K,nvidia/Nemotron-H-56B-Base-8K
nvidia,Nemotron-H-8B-Base-8K,nvidia/Nemotron-H-8B-Base-8K
nvidia,Nemotron-H-8B-Reasoning-128K,nvidia/Nemotron-H-8B-Reasoning-128K
nvidia,Nemotron-H-8B-Reasoning-128K-FP8,nvidia/Nemotron-H-8B-Reasoning-128K-FP8
nvidia,Nemotron-Mini-4B-Instruct,nvidia/Nemotron-Mini-4B-Instruct
nvidia,Nemotron-Research-Reasoning-Qwen-1.5B,nvidia/Nemotron-Research-Reasoning-Qwen-1.5B
nvidia,OpenCodeReasoning-Nemotron-1.1-14B,nvidia/OpenCodeReasoning-Nemotron-1.1-14B
nvidia,OpenCodeReasoning-Nemotron-1.1-7B,nvidia/OpenCodeReasoning-Nemotron-1.1-7B
nvidia,OpenCodeReasoning-Nemotron-14B,nvidia/OpenCodeReasoning-Nemotron-14B
nvidia,OpenCodeReasoning-Nemotron-32B,nvidia/OpenCodeReasoning-Nemotron-32B
nvidia,OpenCodeReasoning-Nemotron-7B,nvidia/OpenCodeReasoning-Nemotron-7B
nvidia,OpenMath-CodeLlama-13b-Python,nvidia/OpenMath-CodeLlama-13b-Python
nvidia,OpenMath-CodeLlama-13b-Python-hf,nvidia/OpenMath-CodeLlama-13b-Python-hf
nvidia,OpenMath-CodeLlama-34b-Python,nvidia/OpenMath-CodeLlama-34b-Python
nvidia,OpenMath-CodeLlama-34b-Python-hf,nvidia/OpenMath-CodeLlama-34b-Python-hf
nvidia,OpenMath-CodeLlama-70b-Python,nvidia/OpenMath-CodeLlama-70b-Python
nvidia,OpenMath-CodeLlama-70b-Python-hf,nvidia/OpenMath-CodeLlama-70b-Python-hf
nvidia,OpenMath-CodeLlama-7b-Python,nvidia/OpenMath-CodeLlama-7b-Python
nvidia,OpenMath-CodeLlama-7b-Python-hf,nvidia/OpenMath-CodeLlama-7b-Python-hf
nvidia,OpenMath-Llama-2-70b,nvidia/OpenMath-Llama-2-70b
nvidia,OpenMath-Llama-2-70b-hf,nvidia/OpenMath-Llama-2-70b-hf
nvidia,OpenMath-Mistral-7B-v0.1,nvidia/OpenMath-Mistral-7B-v0.1
nvidia,OpenMath-Mistral-7B-v0.1-hf,nvidia/OpenMath-Mistral-7B-v0.1-hf
nvidia,OpenMath-Nemotron-1.5B,nvidia/OpenMath-Nemotron-1.5B
nvidia,OpenMath-Nemotron-14B,nvidia/OpenMath-Nemotron-14B
nvidia,OpenMath-Nemotron-14B-Kaggle,nvidia/OpenMath-Nemotron-14B-Kaggle
nvidia,OpenMath-Nemotron-32B,nvidia/OpenMath-Nemotron-32B
nvidia,OpenMath-Nemotron-7B,nvidia/OpenMath-Nemotron-7B
nvidia,gpt-oss-120b-Eagle3,nvidia/gpt-oss-120b-Eagle3
nvidia,gpt3-8b-multi-3.5t-base,nvidia/gpt3-8b-multi-3.5t-base
nvidia,mamba2-8b-3t-4k,nvidia/mamba2-8b-3t-4k
nvidia,mamba2-hybrid-8b-3t-128k,nvidia/mamba2-hybrid-8b-3t-128k
nvidia,mamba2-hybrid-8b-3t-32k,nvidia/mamba2-hybrid-8b-3t-32k
nvidia,mamba2-hybrid-8b-3t-4k,nvidia/mamba2-hybrid-8b-3t-4k
nvidia,nemo-megatron-gpt-1.3B,nvidia/nemo-megatron-gpt-1.3B
nvidia,nemo-megatron-gpt-20B,nvidia/nemo-megatron-gpt-20B
nvidia,nemo-megatron-gpt-5B,nvidia/nemo-megatron-gpt-5B
nvidia,nemo-megatron-mt5-3B,nvidia/nemo-megatron-mt5-3B
nvidia,nemo-megatron-t5-3B,nvidia/nemo-megatron-t5-3B
nvidia,nemotron-3-8b-base-4k,nvidia/nemotron-3-8b-base-4k
nvidia,nemotron-3-8b-chat-4k-rlhf,nvidia/nemotron-3-8b-chat-4k-rlhf
nvidia,nemotron-3-8b-chat-4k-sft,nvidia/nemotron-3-8b-chat-4k-sft
nvidia,nemotron-3-8b-chat-4k-steerlm,nvidia/nemotron-3-8b-chat-4k-steerlm
nvidia,nemotron-3-8b-qa-4k,nvidia/nemotron-3-8b-qa-4k
openbmb,BitCPM4-0.5B,openbmb/BitCPM4-0.5B
openbmb,BitCPM4-1B,openbmb/BitCPM4-1B
openbmb,Eurus-70b-nca,openbmb/Eurus-70b-nca
openbmb,Eurus-70b-sft,openbmb/Eurus-70b-sft
openbmb,Eurus-7b-kto,openbmb/Eurus-7b-kto
openbmb,Eurus-7b-sft,openbmb/Eurus-7b-sft
openbmb,Eurus-RM-7b,openbmb/Eurus-RM-7b
openbmb,Eurux-8x22b-kto,openbmb/Eurux-8x22b-kto
openbmb,Eurux-8x22b-nca,openbmb/Eurux-8x22b-nca
openbmb,MiniCPM-1B-sft-bf16,openbmb/MiniCPM-1B-sft-bf16
openbmb,MiniCPM-2B-128k,openbmb/MiniCPM-2B-128k
openbmb,MiniCPM-2B-dpo-bf16,openbmb/MiniCPM-2B-dpo-bf16
openbmb,MiniCPM-2B-dpo-bf16-llama-format,openbmb/MiniCPM-2B-dpo-bf16-llama-format
openbmb,MiniCPM-2B-dpo-fp16,openbmb/MiniCPM-2B-dpo-fp16
openbmb,MiniCPM-2B-dpo-fp32,openbmb/MiniCPM-2B-dpo-fp32
openbmb,MiniCPM-2B-dpo-int4,openbmb/MiniCPM-2B-dpo-int4
openbmb,MiniCPM-2B-history,openbmb/MiniCPM-2B-history
openbmb,MiniCPM-2B-sft-bf16,openbmb/MiniCPM-2B-sft-bf16
openbmb,MiniCPM-2B-sft-bf16-llama-format,openbmb/MiniCPM-2B-sft-bf16-llama-format
openbmb,MiniCPM-2B-sft-fp32,openbmb/MiniCPM-2B-sft-fp32
openbmb,MiniCPM-2B-sft-fp32-llama-format,openbmb/MiniCPM-2B-sft-fp32-llama-format
openbmb,MiniCPM-2B-sft-int4,openbmb/MiniCPM-2B-sft-int4
openbmb,MiniCPM-Embedding,openbmb/MiniCPM-Embedding
openbmb,MiniCPM-Embedding-Light,openbmb/MiniCPM-Embedding-Light
openbmb,MiniCPM-Llama3-V-2_5,openbmb/MiniCPM-Llama3-V-2_5
openbmb,MiniCPM-MoE-8x2B,openbmb/MiniCPM-MoE-8x2B
openbmb,MiniCPM-Reranker,openbmb/MiniCPM-Reranker
openbmb,MiniCPM-Reranker-Light,openbmb/MiniCPM-Reranker-Light
openbmb,MiniCPM-S-1B-sft,openbmb/MiniCPM-S-1B-sft
openbmb,MiniCPM-V,openbmb/MiniCPM-V
openbmb,MiniCPM-V-2,openbmb/MiniCPM-V-2
openbmb,MiniCPM-V-2_6,openbmb/MiniCPM-V-2_6
openbmb,MiniCPM-V-4_5,openbmb/MiniCPM-V-4_5
openbmb,MiniCPM-o-2_6,openbmb/MiniCPM-o-2_6
openbmb,MiniCPM3-4B,openbmb/MiniCPM3-4B
openbmb,MiniCPM4-0.5B,openbmb/MiniCPM4-0.5B
openbmb,MiniCPM4-0.5B-mlx,openbmb/MiniCPM4-0.5B-mlx
openbmb,MiniCPM4-8B,openbmb/MiniCPM4-8B
openbmb,MiniCPM4-8B-Eagle-FRSpec,openbmb/MiniCPM4-8B-Eagle-FRSpec
openbmb,MiniCPM4-8B-Eagle-FRSpec-QAT-cpmcu,openbmb/MiniCPM4-8B-Eagle-FRSpec-QAT-cpmcu
openbmb,MiniCPM4-8B-Eagle-vLLM,openbmb/MiniCPM4-8B-Eagle-vLLM
openbmb,MiniCPM4-8B-marlin-Eagle-vLLM,openbmb/MiniCPM4-8B-marlin-Eagle-vLLM
openbmb,MiniCPM4-8B-marlin-cpmcu,openbmb/MiniCPM4-8B-marlin-cpmcu
openbmb,MiniCPM4-8B-marlin-vLLM,openbmb/MiniCPM4-8B-marlin-vLLM
openbmb,MiniCPM4-8B-mlx,openbmb/MiniCPM4-8B-mlx
openbmb,MiniCPM4-MCP,openbmb/MiniCPM4-MCP
openbmb,MiniCPM4-Survey,openbmb/MiniCPM4-Survey
openbmb,MiniCPM4.1-8B,openbmb/MiniCPM4.1-8B
openbmb,MiniCPM4.1-8B-Eagle3,openbmb/MiniCPM4.1-8B-Eagle3
openbmb,MiniCPM4.1-8B-Marlin,openbmb/MiniCPM4.1-8B-Marlin
openbmb,OmniLMM-12B,openbmb/OmniLMM-12B
openbmb,RLAIF-V-12B,openbmb/RLAIF-V-12B
openbmb,RLAIF-V-7B,openbmb/RLAIF-V-7B
openbmb,RLHF-V,openbmb/RLHF-V
openbmb,RLHF-V-SFT,openbmb/RLHF-V-SFT
openbmb,RLPR-Gemma2-2B-it,openbmb/RLPR-Gemma2-2B-it
openbmb,RLPR-Llama3.1-8B-Inst,openbmb/RLPR-Llama3.1-8B-Inst
openbmb,RLPR-Qwen2.5-7B-Base,openbmb/RLPR-Qwen2.5-7B-Base
openbmb,Ultra-FineWeb-classifier,openbmb/Ultra-FineWeb-classifier
openbmb,UltraCM-13b,openbmb/UltraCM-13b
openbmb,UltraLM-13b,openbmb/UltraLM-13b
openbmb,UltraLM-13b-v2.0,openbmb/UltraLM-13b-v2.0
openbmb,UltraLM-65b,openbmb/UltraLM-65b
openbmb,UltraRM-13b,openbmb/UltraRM-13b
openbmb,VisCPM-Chat,openbmb/VisCPM-Chat
openbmb,VisCPM-Paint,openbmb/VisCPM-Paint
openbmb,VisRAG-Ret,openbmb/VisRAG-Ret
openbmb,VoxCPM-0.5B,openbmb/VoxCPM-0.5B
openbmb,chattts_tokenizer,openbmb/chattts_tokenizer
openbmb,cpm-ant-10b,openbmb/cpm-ant-10b
openbmb,cpm-bee-10b,openbmb/cpm-bee-10b
openbmb,cpm-bee-1b,openbmb/cpm-bee-1b
openbmb,cpm-bee-2b,openbmb/cpm-bee-2b
openbmb,cpm-bee-5b,openbmb/cpm-bee-5b
openai,gpt-oss-20b,openai/gpt-oss-20b
openai,gpt-oss-120b,openai/gpt-oss-120b
tencent,Hunyuan-0.5B-Instruct,tencent/Hunyuan-0.5B-Instruct
tencent,Hunyuan-0.5B-Pretrain,tencent/Hunyuan-0.5B-Pretrain
tencent,Hunyuan-1.8B-Instruct,tencent/Hunyuan-1.8B-Instruct
tencent,Hunyuan-1.8B-Pretrain,tencent/Hunyuan-1.8B-Pretrain
tencent,Hunyuan-4B-Instruct,tencent/Hunyuan-4B-Instruct
tencent,Hunyuan-4B-Pretrain,tencent/Hunyuan-4B-Pretrain
tencent,Hunyuan-7B-Instruct,tencent/Hunyuan-7B-Instruct
tencent,Hunyuan-7B-Instruct-0124,tencent/Hunyuan-7B-Instruct-0124
tencent,Hunyuan-7B-Pretrain,tencent/Hunyuan-7B-Pretrain
tencent,Hunyuan-7B-Pretrain-0124,tencent/Hunyuan-7B-Pretrain-0124
tencent,Hunyuan-A13B-Instruct,tencent/Hunyuan-A13B-Instruct
tencent,Hunyuan-A13B-Pretrain,tencent/Hunyuan-A13B-Pretrain
tencent,Hunyuan-MT-7B,tencent/Hunyuan-MT-7B
tencent,Hunyuan-MT-Chimera-7B,tencent/Hunyuan-MT-Chimera-7B
tencent,Hunyuan3D-Omni,tencent/Hunyuan3D-Omni
tencent,Tencent-Hunyuan-Large,tencent/Tencent-Hunyuan-Large
